sensor_id,timestamp,temperature,humidity,pressure,location,battery_level,signal_strength
SENSOR_082,2025-12-02 19:16:12,-3.88,75.62,994.69,Building_B,73.6,-31
SENSOR_012,2025-12-02 19:16:07,22.48,22.38,985.62,Building_B,50.5,-97
SENSOR_072,2025-12-02 19:16:02,0.94,68.74,1012.7,Building_B,44.9,-65
SENSOR_001,2025-12-02 19:15:57,31.73,31.97,1005.36,Warehouse_1,15.5,-57
SENSOR_014,2025-12-02 19:15:52,-4.9,27.25,1030.85,Outdoor,26.5,-95
SENSOR_094,2025-12-02 19:15:47,15.27,29.36,1035.34,Building_A,55.2,-54
SENSOR_074,2025-12-02 19:15:42,0.58,25.22,1019.68,Warehouse_1,98.5,-71
SENSOR_013,2025-12-02 19:15:37,10.91,54.01,1030.05,Building_B,37.0,-74
SENSOR_086,2025-12-02 19:15:32,4.68,90.25,1018.88,Outdoor,63.5,-32
SENSOR_094,2025-12-02 19:15:27,3.46,54.67,996.2,Outdoor,22.0,-59
SENSOR_099,2025-12-02 19:15:22,32.68,37.18,981.93,Warehouse_1,40.1,-92
SENSOR_028,2025-12-02 19:15:17,40.22,62.54,1023.07,Building_B,65.5,-50
SENSOR_083,2025-12-02 19:15:12,15.24,39.87,994.8,Outdoor,53.9,-46
SENSOR_075,2025-12-02 19:15:07,11.97,36.45,1039.85,Outdoor,49.4,-94
SENSOR_015,2025-12-02 19:15:02,-1.59,32.0,1020.83,Outdoor,6.4,-52
SENSOR_077,2025-12-02 19:14:57,44.79,59.68,1038.26,Building_A,68.0,-86
SENSOR_088,2025-12-02 19:14:52,38.66,76.32,1026.12,Warehouse_1,11.2,-45
SENSOR_021,2025-12-02 19:14:47,14.95,91.54,1032.55,Warehouse_1,97.2,-78
SENSOR_065,2025-12-02 19:14:42,40.19,85.29,997.91,Outdoor,60.9,-81
SENSOR_048,2025-12-02 19:14:37,31.94,60.45,1026.72,Outdoor,91.8,-59
SENSOR_063,2025-12-02 19:14:32,-8.93,89.68,1032.72,Warehouse_1,23.9,-70
SENSOR_073,2025-12-02 19:14:27,42.08,26.42,1009.16,Building_A,97.8,-32
SENSOR_099,2025-12-02 19:14:22,-3.08,69.48,1036.81,Building_B,26.5,-46
SENSOR_028,2025-12-02 19:14:17,41.09,76.64,1021.39,Warehouse_1,39.9,-53
SENSOR_057,2025-12-02 19:14:12,39.48,53.86,994.87,Building_A,33.8,-30
SENSOR_030,2025-12-02 19:14:07,22.36,20.54,1022.47,Building_A,22.9,-96
SENSOR_043,2025-12-02 19:14:02,-6.1,37.85,1020.14,Building_B,53.9,-40
SENSOR_032,2025-12-02 19:13:57,33.15,80.56,991.42,Building_A,65.9,-55
SENSOR_055,2025-12-02 19:13:52,12.61,84.79,983.25,Building_A,6.1,-57
SENSOR_014,2025-12-02 19:13:47,3.68,34.27,1006.92,Factory_Floor,18.3,-41
SENSOR_032,2025-12-02 19:13:42,38.1,25.65,1028.48,Outdoor,9.8,-31
SENSOR_002,2025-12-02 19:13:37,43.29,89.48,1030.92,Building_B,40.6,-39
SENSOR_028,2025-12-02 19:13:32,37.56,87.68,989.88,Building_A,98.5,-67
SENSOR_059,2025-12-02 19:13:27,5.69,72.24,1023.83,Outdoor,66.2,-38
SENSOR_020,2025-12-02 19:13:22,0.44,36.33,983.51,Outdoor,6.1,-60
SENSOR_008,2025-12-02 19:13:17,-7.24,55.76,1035.16,Outdoor,15.7,-35
SENSOR_011,2025-12-02 19:13:12,36.82,25.14,984.08,Building_B,40.4,-69
SENSOR_075,2025-12-02 19:13:07,22.7,66.45,1005.15,Outdoor,56.5,-60
SENSOR_034,2025-12-02 19:13:02,1.23,73.71,994.32,Factory_Floor,13.1,-62
SENSOR_059,2025-12-02 19:12:57,7.39,76.39,984.35,Factory_Floor,62.1,-88
SENSOR_010,2025-12-02 19:12:52,19.57,57.94,987.95,Warehouse_1,88.1,-69
SENSOR_048,2025-12-02 19:12:47,5.67,52.86,1012.59,Warehouse_1,61.2,-33
SENSOR_002,2025-12-02 19:12:42,26.73,61.6,1035.91,Building_A,93.9,-83
SENSOR_034,2025-12-02 19:12:37,-3.65,28.03,1013.19,Warehouse_1,28.2,-74
SENSOR_092,2025-12-02 19:12:32,8.86,71.56,1031.17,Outdoor,48.9,-94
SENSOR_012,2025-12-02 19:12:27,24.89,82.2,982.65,Warehouse_1,77.1,-67
SENSOR_021,2025-12-02 19:12:22,30.77,61.38,1005.66,Building_A,11.2,-81
SENSOR_070,2025-12-02 19:12:17,-8.02,47.69,1013.15,Factory_Floor,12.7,-61
SENSOR_047,2025-12-02 19:12:12,39.44,79.71,1031.64,Warehouse_1,21.0,-69
SENSOR_086,2025-12-02 19:12:07,-4.35,78.51,1033.05,Factory_Floor,97.4,-81
SENSOR_031,2025-12-02 19:12:02,37.55,93.22,1028.65,Factory_Floor,2.5,-58
SENSOR_053,2025-12-02 19:11:57,34.12,84.8,1028.64,Warehouse_1,15.9,-87
SENSOR_049,2025-12-02 19:11:52,37.97,84.39,993.35,Factory_Floor,35.0,-71
SENSOR_029,2025-12-02 19:11:47,-8.7,34.48,999.7,Building_A,96.7,-65
SENSOR_045,2025-12-02 19:11:42,25.28,49.98,1038.87,Outdoor,33.1,-97
SENSOR_015,2025-12-02 19:11:37,38.24,39.59,1014.84,Warehouse_1,3.8,-45
SENSOR_045,2025-12-02 19:11:32,30.07,43.53,1016.37,Outdoor,11.6,-76
SENSOR_033,2025-12-02 19:11:27,-7.56,52.7,1011.2,Outdoor,68.7,-75
SENSOR_047,2025-12-02 19:11:22,13.72,91.17,1035.25,Outdoor,31.4,-85
SENSOR_093,2025-12-02 19:11:17,39.5,58.03,1020.01,Warehouse_1,40.2,-63
SENSOR_071,2025-12-02 19:11:12,-3.0,51.53,1036.42,Building_B,61.6,-62
SENSOR_052,2025-12-02 19:11:07,20.14,20.03,997.21,Factory_Floor,78.6,-59
SENSOR_060,2025-12-02 19:11:02,14.3,70.67,1010.67,Building_B,65.9,-64
SENSOR_066,2025-12-02 19:10:57,26.51,66.44,985.6,Building_B,67.3,-72
SENSOR_026,2025-12-02 19:10:52,-1.9,23.47,1039.04,Outdoor,85.0,-91
SENSOR_059,2025-12-02 19:10:47,12.79,67.23,991.67,Factory_Floor,49.4,-69
SENSOR_019,2025-12-02 19:10:42,26.08,20.42,1025.06,Building_A,77.8,-72
SENSOR_023,2025-12-02 19:10:37,34.23,72.19,1007.87,Outdoor,24.9,-85
SENSOR_059,2025-12-02 19:10:32,-2.67,54.85,1011.87,Outdoor,59.5,-44
SENSOR_079,2025-12-02 19:10:27,34.83,86.9,1005.6,Outdoor,44.6,-80
SENSOR_096,2025-12-02 19:10:22,37.38,53.76,1025.11,Warehouse_1,76.6,-34
SENSOR_063,2025-12-02 19:10:17,24.47,40.59,984.65,Warehouse_1,23.4,-58
SENSOR_041,2025-12-02 19:10:12,39.12,26.04,989.05,Factory_Floor,69.4,-73
SENSOR_009,2025-12-02 19:10:07,12.82,44.82,1007.96,Building_A,20.7,-47
SENSOR_050,2025-12-02 19:10:02,39.77,63.81,1021.73,Outdoor,38.0,-100
SENSOR_046,2025-12-02 19:09:57,6.42,49.25,1033.5,Factory_Floor,53.8,-31
SENSOR_078,2025-12-02 19:09:52,39.38,56.62,996.38,Factory_Floor,2.9,-57
SENSOR_086,2025-12-02 19:09:47,27.35,50.32,989.9,Factory_Floor,92.0,-32
SENSOR_004,2025-12-02 19:09:42,39.88,64.39,1019.78,Building_A,64.3,-83
SENSOR_060,2025-12-02 19:09:37,-0.0,39.51,999.64,Factory_Floor,32.7,-52
SENSOR_036,2025-12-02 19:09:32,31.36,82.39,995.14,Building_A,47.0,-31
SENSOR_007,2025-12-02 19:09:27,44.99,46.25,1019.01,Building_A,75.4,-69
SENSOR_026,2025-12-02 19:09:22,36.16,66.6,994.31,Factory_Floor,66.9,-73
SENSOR_060,2025-12-02 19:09:17,28.47,77.52,990.07,Outdoor,96.4,-86
SENSOR_100,2025-12-02 19:09:12,35.06,92.35,986.49,Building_A,92.9,-52
SENSOR_051,2025-12-02 19:09:07,41.78,34.87,1015.53,Building_B,10.2,-62
SENSOR_088,2025-12-02 19:09:02,23.02,29.08,1039.03,Building_A,34.7,-46
SENSOR_085,2025-12-02 19:08:57,10.38,57.95,1000.47,Factory_Floor,82.2,-87
SENSOR_056,2025-12-02 19:08:52,42.84,67.67,1029.72,Building_B,43.5,-34
SENSOR_084,2025-12-02 19:08:47,4.85,80.61,1012.29,Factory_Floor,46.5,-66
SENSOR_042,2025-12-02 19:08:42,36.84,82.3,985.2,Factory_Floor,24.4,-41
SENSOR_073,2025-12-02 19:08:37,23.57,48.42,981.72,Warehouse_1,18.2,-73
SENSOR_046,2025-12-02 19:08:32,33.88,45.53,1032.82,Warehouse_1,55.6,-34
SENSOR_025,2025-12-02 19:08:27,-5.29,74.01,1009.31,Building_B,69.1,-38
SENSOR_058,2025-12-02 19:08:22,33.61,26.98,993.3,Building_B,30.6,-53
SENSOR_061,2025-12-02 19:08:17,20.44,45.78,1039.8,Outdoor,33.1,-42
SENSOR_035,2025-12-02 19:08:12,6.86,37.29,1023.28,Warehouse_1,12.0,-32
SENSOR_098,2025-12-02 19:08:07,27.96,34.37,1024.32,Warehouse_1,72.5,-33
SENSOR_077,2025-12-02 19:08:02,5.56,27.54,991.65,Building_B,36.1,-62
SENSOR_002,2025-12-02 19:07:57,28.94,29.49,982.73,Building_A,55.3,-84
SENSOR_082,2025-12-02 19:07:52,37.77,56.82,1032.36,Outdoor,28.4,-39
SENSOR_057,2025-12-02 19:07:47,8.74,92.41,995.15,Factory_Floor,11.4,-92
SENSOR_052,2025-12-02 19:07:42,17.05,63.28,1021.19,Building_B,14.9,-62
SENSOR_011,2025-12-02 19:07:37,44.67,28.88,1025.87,Outdoor,59.6,-72
SENSOR_100,2025-12-02 19:07:32,18.74,53.79,1006.56,Outdoor,99.0,-61
SENSOR_073,2025-12-02 19:07:27,24.16,65.72,1024.41,Building_B,62.6,-67
SENSOR_085,2025-12-02 19:07:22,-5.53,37.99,1013.12,Building_B,0.3,-43
SENSOR_089,2025-12-02 19:07:17,22.66,41.84,993.89,Warehouse_1,70.3,-42
SENSOR_010,2025-12-02 19:07:12,27.81,89.29,1027.27,Outdoor,66.1,-75
SENSOR_055,2025-12-02 19:07:07,-3.69,36.86,988.94,Warehouse_1,82.7,-91
SENSOR_008,2025-12-02 19:07:02,-0.87,43.07,1024.94,Outdoor,92.1,-44
SENSOR_016,2025-12-02 19:06:57,15.78,42.81,1004.15,Warehouse_1,50.0,-37
SENSOR_057,2025-12-02 19:06:52,-5.58,22.99,1005.92,Warehouse_1,60.4,-97
SENSOR_012,2025-12-02 19:06:47,2.59,70.57,1031.63,Outdoor,95.1,-66
SENSOR_074,2025-12-02 19:06:42,-7.79,76.72,1008.23,Factory_Floor,91.6,-77
SENSOR_075,2025-12-02 19:06:37,13.97,81.07,1038.14,Factory_Floor,34.8,-58
SENSOR_042,2025-12-02 19:06:32,26.86,84.33,999.79,Factory_Floor,28.8,-49
SENSOR_098,2025-12-02 19:06:27,20.26,54.11,998.87,Warehouse_1,11.6,-49
SENSOR_066,2025-12-02 19:06:22,35.37,20.09,1032.16,Factory_Floor,41.3,-76
SENSOR_067,2025-12-02 19:06:17,9.9,76.73,1017.52,Building_A,20.4,-30
SENSOR_017,2025-12-02 19:06:12,41.02,52.86,1021.9,Building_A,2.9,-70
SENSOR_091,2025-12-02 19:06:07,-1.29,61.31,1013.14,Building_A,22.5,-86
SENSOR_060,2025-12-02 19:06:02,42.09,68.58,989.24,Warehouse_1,50.9,-66
SENSOR_054,2025-12-02 19:05:57,35.91,93.52,994.62,Outdoor,14.5,-76
SENSOR_077,2025-12-02 19:05:52,17.95,85.95,1031.84,Warehouse_1,77.3,-47
SENSOR_044,2025-12-02 19:05:47,41.38,58.08,1029.23,Warehouse_1,72.6,-38
SENSOR_020,2025-12-02 19:05:42,14.56,56.33,999.95,Outdoor,37.7,-59
SENSOR_025,2025-12-02 19:05:37,43.94,37.91,1002.98,Factory_Floor,4.4,-40
SENSOR_091,2025-12-02 19:05:32,40.24,48.59,1039.3,Building_B,49.5,-96
SENSOR_017,2025-12-02 19:05:27,17.63,64.26,1032.18,Factory_Floor,10.0,-42
SENSOR_002,2025-12-02 19:05:22,29.73,50.75,1019.29,Building_B,7.5,-67
SENSOR_044,2025-12-02 19:05:17,24.28,49.81,984.82,Warehouse_1,85.2,-32
SENSOR_049,2025-12-02 19:05:12,42.48,67.01,1033.25,Factory_Floor,87.2,-96
SENSOR_080,2025-12-02 19:05:07,-6.24,67.34,1035.26,Building_B,74.7,-45
SENSOR_013,2025-12-02 19:05:02,31.82,72.79,986.03,Building_B,69.4,-97
SENSOR_006,2025-12-02 19:04:57,7.84,24.21,1001.51,Factory_Floor,14.6,-33
SENSOR_053,2025-12-02 19:04:52,21.13,79.44,990.2,Building_A,60.9,-52
SENSOR_080,2025-12-02 19:04:47,27.57,57.33,1014.99,Building_B,46.1,-68
SENSOR_059,2025-12-02 19:04:42,4.04,20.7,1028.28,Warehouse_1,67.8,-80
SENSOR_010,2025-12-02 19:04:37,14.3,45.92,1015.25,Factory_Floor,69.0,-42
SENSOR_039,2025-12-02 19:04:32,0.96,48.85,1008.99,Building_B,38.1,-55
SENSOR_074,2025-12-02 19:04:27,6.27,72.45,981.32,Factory_Floor,27.4,-94
SENSOR_078,2025-12-02 19:04:22,30.98,82.46,1034.18,Building_B,60.7,-55
SENSOR_029,2025-12-02 19:04:17,25.01,66.57,1020.67,Building_B,62.8,-95
SENSOR_040,2025-12-02 19:04:12,33.37,22.5,1001.89,Building_B,9.0,-63
SENSOR_042,2025-12-02 19:04:07,31.11,33.17,987.93,Outdoor,87.6,-54
SENSOR_068,2025-12-02 19:04:02,17.6,40.44,989.87,Factory_Floor,96.7,-63
SENSOR_096,2025-12-02 19:03:57,37.87,80.32,1008.1,Building_A,14.1,-72
SENSOR_087,2025-12-02 19:03:52,29.83,93.5,1038.04,Outdoor,36.6,-50
SENSOR_002,2025-12-02 19:03:47,4.55,29.27,1002.12,Warehouse_1,58.5,-53
SENSOR_014,2025-12-02 19:03:42,27.12,55.36,1017.17,Outdoor,32.8,-72
SENSOR_083,2025-12-02 19:03:37,-6.52,81.79,1034.56,Warehouse_1,64.9,-86
SENSOR_018,2025-12-02 19:03:32,-7.51,22.79,1039.76,Building_A,9.7,-32
SENSOR_018,2025-12-02 19:03:27,11.38,47.83,1036.96,Outdoor,41.9,-81
SENSOR_054,2025-12-02 19:03:22,26.02,82.53,1016.94,Warehouse_1,3.3,-53
SENSOR_028,2025-12-02 19:03:17,14.39,91.29,1031.33,Building_A,98.1,-53
SENSOR_070,2025-12-02 19:03:12,39.59,68.36,983.63,Warehouse_1,19.0,-85
SENSOR_059,2025-12-02 19:03:07,-4.96,35.91,1018.37,Building_A,5.1,-58
SENSOR_032,2025-12-02 19:03:02,44.39,79.02,992.31,Outdoor,20.7,-73
SENSOR_030,2025-12-02 19:02:57,8.07,31.07,1034.03,Building_A,27.7,-82
SENSOR_017,2025-12-02 19:02:52,19.71,79.89,986.6,Building_A,13.2,-55
SENSOR_031,2025-12-02 19:02:47,22.39,21.18,995.92,Building_B,74.2,-33
SENSOR_015,2025-12-02 19:02:42,31.01,55.72,1026.68,Outdoor,59.4,-43
SENSOR_065,2025-12-02 19:02:37,2.19,66.13,1023.63,Outdoor,30.2,-97
SENSOR_008,2025-12-02 19:02:32,44.92,83.55,1005.58,Building_A,49.0,-44
SENSOR_010,2025-12-02 19:02:27,39.46,44.16,988.9,Building_B,27.5,-30
SENSOR_092,2025-12-02 19:02:22,7.89,94.6,1011.83,Factory_Floor,50.6,-45
SENSOR_013,2025-12-02 19:02:17,33.62,28.58,1019.28,Outdoor,72.1,-73
SENSOR_056,2025-12-02 19:02:12,14.84,37.14,1000.34,Factory_Floor,39.9,-88
SENSOR_041,2025-12-02 19:02:07,13.47,69.88,1002.46,Building_B,68.7,-40
SENSOR_009,2025-12-02 19:02:02,-4.98,26.4,1005.91,Warehouse_1,81.2,-93
SENSOR_076,2025-12-02 19:01:57,42.61,62.13,1020.2,Factory_Floor,35.4,-46
SENSOR_093,2025-12-02 19:01:52,-7.17,41.57,998.75,Building_A,57.8,-73
SENSOR_020,2025-12-02 19:01:47,26.12,36.82,986.49,Outdoor,36.8,-65
SENSOR_074,2025-12-02 19:01:42,2.44,52.18,1013.66,Outdoor,61.4,-97
SENSOR_078,2025-12-02 19:01:37,41.1,82.21,996.05,Building_B,27.3,-61
SENSOR_044,2025-12-02 19:01:32,9.31,33.61,988.6,Factory_Floor,7.0,-97
SENSOR_012,2025-12-02 19:01:27,31.04,36.13,1005.19,Warehouse_1,15.7,-61
SENSOR_093,2025-12-02 19:01:22,7.84,90.61,1015.77,Building_A,15.6,-94
SENSOR_087,2025-12-02 19:01:17,-5.51,53.23,1005.44,Outdoor,44.2,-66
SENSOR_028,2025-12-02 19:01:12,31.52,28.54,1005.79,Warehouse_1,67.8,-38
SENSOR_068,2025-12-02 19:01:07,26.69,23.41,1003.72,Outdoor,5.5,-74
SENSOR_039,2025-12-02 19:01:02,41.99,77.55,1025.85,Warehouse_1,32.8,-100
SENSOR_064,2025-12-02 19:00:57,31.09,33.18,1002.81,Building_B,50.0,-55
SENSOR_010,2025-12-02 19:00:52,11.84,75.65,1006.17,Factory_Floor,92.1,-60
SENSOR_074,2025-12-02 19:00:47,13.61,50.33,1018.41,Warehouse_1,11.5,-98
SENSOR_042,2025-12-02 19:00:42,-0.55,91.07,1007.61,Warehouse_1,8.8,-87
SENSOR_032,2025-12-02 19:00:37,13.96,50.03,984.72,Warehouse_1,74.6,-72
SENSOR_043,2025-12-02 19:00:32,32.85,25.73,1017.99,Outdoor,51.0,-56
SENSOR_045,2025-12-02 19:00:27,30.01,81.42,1028.9,Building_B,10.3,-68
SENSOR_026,2025-12-02 19:00:22,-0.46,31.47,1025.55,Building_A,17.7,-37
SENSOR_060,2025-12-02 19:00:17,31.49,76.99,1006.93,Outdoor,64.3,-59
SENSOR_081,2025-12-02 19:00:12,7.39,52.98,1008.14,Warehouse_1,79.6,-93
SENSOR_046,2025-12-02 19:00:07,17.9,43.28,1007.11,Building_A,36.9,-64
SENSOR_010,2025-12-02 19:00:02,25.46,93.3,985.42,Outdoor,50.7,-41
SENSOR_075,2025-12-02 18:59:57,20.49,79.39,1033.75,Factory_Floor,90.9,-76
SENSOR_042,2025-12-02 18:59:52,23.28,57.6,1037.46,Factory_Floor,10.4,-57
SENSOR_092,2025-12-02 18:59:47,-5.36,68.46,982.35,Factory_Floor,99.1,-33
SENSOR_067,2025-12-02 18:59:42,23.54,47.29,1035.08,Factory_Floor,40.9,-57
SENSOR_087,2025-12-02 18:59:37,22.88,79.19,1018.84,Building_A,33.0,-51
SENSOR_037,2025-12-02 18:59:32,3.86,83.87,1037.86,Outdoor,87.3,-58
SENSOR_011,2025-12-02 18:59:27,22.05,30.61,1000.99,Factory_Floor,12.9,-90
SENSOR_040,2025-12-02 18:59:22,20.74,68.26,999.71,Building_B,67.0,-33
SENSOR_012,2025-12-02 18:59:17,25.53,51.76,1001.71,Warehouse_1,30.9,-73
SENSOR_044,2025-12-02 18:59:12,42.12,56.47,993.59,Building_B,15.5,-63
SENSOR_013,2025-12-02 18:59:07,17.92,60.48,1024.32,Outdoor,3.8,-57
SENSOR_099,2025-12-02 18:59:02,23.99,64.79,989.26,Building_B,83.1,-79
SENSOR_093,2025-12-02 18:58:57,14.07,50.81,1020.58,Building_B,97.0,-64
SENSOR_097,2025-12-02 18:58:52,31.17,53.67,1012.04,Warehouse_1,96.6,-40
SENSOR_025,2025-12-02 18:58:47,10.23,91.03,1039.07,Factory_Floor,76.9,-52
SENSOR_065,2025-12-02 18:58:42,19.01,92.47,1029.01,Outdoor,13.8,-68
SENSOR_007,2025-12-02 18:58:37,25.26,85.56,1013.27,Building_A,71.1,-34
SENSOR_016,2025-12-02 18:58:32,5.68,77.23,996.37,Outdoor,14.7,-45
SENSOR_012,2025-12-02 18:58:27,42.05,36.65,1007.07,Warehouse_1,93.0,-47
SENSOR_007,2025-12-02 18:58:22,11.8,48.05,1003.17,Building_A,37.5,-97
SENSOR_041,2025-12-02 18:58:17,41.2,82.94,1019.0,Building_B,13.8,-64
SENSOR_061,2025-12-02 18:58:12,28.28,30.41,1022.33,Factory_Floor,61.5,-90
SENSOR_003,2025-12-02 18:58:07,4.08,82.62,1012.93,Outdoor,52.8,-86
SENSOR_100,2025-12-02 18:58:02,5.85,42.59,982.86,Factory_Floor,63.9,-42
SENSOR_009,2025-12-02 18:57:57,-3.9,87.89,1015.8,Building_A,63.2,-70
SENSOR_092,2025-12-02 18:57:52,-2.1,52.19,1016.89,Building_B,57.1,-77
SENSOR_086,2025-12-02 18:57:47,26.75,59.26,1001.64,Outdoor,54.4,-36
SENSOR_071,2025-12-02 18:57:42,-8.88,85.5,982.61,Factory_Floor,98.1,-68
SENSOR_096,2025-12-02 18:57:37,-9.11,79.14,1000.69,Building_A,77.2,-58
SENSOR_018,2025-12-02 18:57:32,-7.56,60.95,1028.81,Building_B,83.0,-41
SENSOR_090,2025-12-02 18:57:27,16.32,33.67,988.09,Factory_Floor,3.7,-75
SENSOR_006,2025-12-02 18:57:22,33.51,86.43,998.94,Warehouse_1,51.5,-31
SENSOR_061,2025-12-02 18:57:17,3.93,76.5,991.47,Warehouse_1,86.2,-94
SENSOR_084,2025-12-02 18:57:12,8.26,29.34,1002.08,Factory_Floor,74.3,-51
SENSOR_044,2025-12-02 18:57:07,43.55,57.22,1009.85,Outdoor,26.7,-90
SENSOR_094,2025-12-02 18:57:02,13.35,52.3,1039.71,Building_B,54.5,-59
SENSOR_014,2025-12-02 18:56:57,-5.6,69.57,998.39,Outdoor,71.8,-79
SENSOR_089,2025-12-02 18:56:52,14.41,53.53,1023.61,Warehouse_1,61.5,-45
SENSOR_036,2025-12-02 18:56:47,25.17,79.36,983.44,Factory_Floor,36.3,-80
SENSOR_004,2025-12-02 18:56:42,-2.15,65.57,1026.88,Building_A,12.6,-70
SENSOR_100,2025-12-02 18:56:37,25.48,47.16,1036.97,Building_A,60.5,-43
SENSOR_048,2025-12-02 18:56:32,10.46,77.23,1014.44,Outdoor,36.7,-60
SENSOR_084,2025-12-02 18:56:27,5.33,92.04,981.55,Building_B,49.9,-51
SENSOR_072,2025-12-02 18:56:22,-3.52,78.12,1022.24,Building_B,99.6,-64
SENSOR_089,2025-12-02 18:56:17,40.41,56.84,987.36,Building_A,45.2,-44
SENSOR_012,2025-12-02 18:56:12,34.58,92.57,1039.19,Warehouse_1,71.0,-30
SENSOR_070,2025-12-02 18:56:07,5.97,42.5,989.45,Building_B,79.4,-35
SENSOR_029,2025-12-02 18:56:02,-3.33,35.07,988.33,Factory_Floor,2.6,-30
SENSOR_074,2025-12-02 18:55:57,10.29,80.27,1013.1,Outdoor,88.4,-92
SENSOR_040,2025-12-02 18:55:52,11.9,73.77,1008.72,Factory_Floor,76.9,-91
SENSOR_017,2025-12-02 18:55:47,43.48,68.18,1007.0,Outdoor,34.5,-30
SENSOR_082,2025-12-02 18:55:42,22.33,77.58,987.74,Outdoor,91.1,-93
SENSOR_016,2025-12-02 18:55:37,18.5,42.81,989.72,Building_B,34.6,-34
SENSOR_037,2025-12-02 18:55:32,36.53,38.8,1018.1,Outdoor,27.4,-62
SENSOR_079,2025-12-02 18:55:27,19.34,57.69,990.12,Outdoor,15.4,-57
SENSOR_073,2025-12-02 18:55:22,-7.73,84.78,984.87,Outdoor,26.5,-74
SENSOR_099,2025-12-02 18:55:17,21.47,66.36,981.82,Outdoor,29.0,-62
SENSOR_062,2025-12-02 18:55:12,3.47,80.55,1004.37,Factory_Floor,7.3,-93
SENSOR_021,2025-12-02 18:55:07,14.18,56.32,992.24,Outdoor,14.4,-60
SENSOR_094,2025-12-02 18:55:02,44.34,45.9,1003.92,Warehouse_1,51.5,-87
SENSOR_041,2025-12-02 18:54:57,3.3,29.19,1006.98,Building_B,9.7,-63
SENSOR_050,2025-12-02 18:54:52,37.53,51.36,1037.76,Building_B,81.3,-60
SENSOR_025,2025-12-02 18:54:47,31.97,57.37,1010.88,Factory_Floor,87.9,-37
SENSOR_003,2025-12-02 18:54:42,-5.05,49.49,1007.43,Building_B,21.5,-55
SENSOR_007,2025-12-02 18:54:37,-7.22,57.12,1032.94,Factory_Floor,28.6,-99
SENSOR_014,2025-12-02 18:54:32,13.7,86.18,1023.65,Factory_Floor,36.6,-49
SENSOR_007,2025-12-02 18:54:27,21.37,34.6,1013.19,Building_A,38.6,-43
SENSOR_098,2025-12-02 18:54:22,20.24,81.9,1017.39,Outdoor,11.9,-88
SENSOR_051,2025-12-02 18:54:17,10.53,94.01,1013.47,Warehouse_1,75.5,-75
SENSOR_078,2025-12-02 18:54:12,18.0,57.51,982.72,Building_B,71.4,-40
SENSOR_067,2025-12-02 18:54:07,15.13,65.47,1010.93,Warehouse_1,93.1,-60
SENSOR_021,2025-12-02 18:54:02,11.61,66.24,1030.56,Outdoor,33.6,-35
SENSOR_069,2025-12-02 18:53:57,16.94,62.22,1008.49,Building_A,36.8,-86
SENSOR_054,2025-12-02 18:53:52,22.1,79.76,1023.52,Building_A,59.7,-67
SENSOR_084,2025-12-02 18:53:47,33.06,78.21,1014.66,Building_A,58.4,-79
SENSOR_068,2025-12-02 18:53:42,24.6,66.48,1030.47,Building_B,82.2,-69
SENSOR_005,2025-12-02 18:53:37,21.49,72.54,991.45,Factory_Floor,31.4,-81
SENSOR_053,2025-12-02 18:53:32,27.98,50.78,1026.5,Factory_Floor,87.3,-93
SENSOR_091,2025-12-02 18:53:27,-2.41,35.55,999.5,Factory_Floor,52.5,-60
SENSOR_023,2025-12-02 18:53:22,15.28,59.98,1012.78,Warehouse_1,61.0,-76
SENSOR_032,2025-12-02 18:53:17,5.35,42.39,1036.49,Warehouse_1,77.1,-74
SENSOR_089,2025-12-02 18:53:12,28.77,43.78,1000.93,Warehouse_1,28.8,-31
SENSOR_049,2025-12-02 18:53:07,39.27,49.59,1000.71,Building_B,29.0,-64
SENSOR_092,2025-12-02 18:53:02,-5.65,89.3,1019.36,Factory_Floor,21.4,-32
SENSOR_035,2025-12-02 18:52:57,41.32,72.21,988.24,Outdoor,74.1,-70
SENSOR_032,2025-12-02 18:52:52,-7.21,87.89,993.54,Building_B,5.2,-48
SENSOR_043,2025-12-02 18:52:47,29.45,27.54,1026.25,Building_A,96.5,-80
SENSOR_053,2025-12-02 18:52:42,25.91,86.05,1008.54,Building_B,75.6,-64
SENSOR_042,2025-12-02 18:52:37,5.7,24.44,1026.12,Outdoor,23.2,-96
SENSOR_023,2025-12-02 18:52:32,12.98,82.82,1036.04,Building_A,99.7,-50
SENSOR_064,2025-12-02 18:52:27,0.25,76.18,1032.34,Warehouse_1,87.7,-99
SENSOR_039,2025-12-02 18:52:22,21.24,28.05,1038.98,Warehouse_1,45.4,-31
SENSOR_068,2025-12-02 18:52:17,17.17,90.39,1031.06,Factory_Floor,27.3,-86
SENSOR_043,2025-12-02 18:52:12,-1.06,54.42,995.44,Building_B,1.4,-57
SENSOR_038,2025-12-02 18:52:07,21.23,76.8,990.53,Factory_Floor,82.7,-35
SENSOR_042,2025-12-02 18:52:02,-5.23,70.19,991.09,Building_B,47.7,-69
SENSOR_001,2025-12-02 18:51:57,4.34,37.66,1025.23,Warehouse_1,30.2,-99
SENSOR_034,2025-12-02 18:51:52,25.95,71.96,983.73,Building_A,46.5,-80
SENSOR_052,2025-12-02 18:51:47,27.73,89.23,1033.27,Warehouse_1,69.0,-63
SENSOR_048,2025-12-02 18:51:42,23.8,36.43,988.01,Building_B,45.5,-53
SENSOR_054,2025-12-02 18:51:37,28.61,88.46,1025.44,Building_B,76.2,-90
SENSOR_068,2025-12-02 18:51:32,14.57,72.78,984.69,Outdoor,11.2,-30
SENSOR_065,2025-12-02 18:51:27,1.12,60.25,989.87,Outdoor,44.2,-74
SENSOR_092,2025-12-02 18:51:22,22.07,26.82,1010.62,Building_A,45.3,-35
SENSOR_054,2025-12-02 18:51:17,15.12,24.33,1007.74,Warehouse_1,72.3,-50
SENSOR_033,2025-12-02 18:51:12,34.9,75.94,1014.7,Building_A,42.4,-92
SENSOR_070,2025-12-02 18:51:07,44.68,90.09,984.14,Factory_Floor,3.2,-48
SENSOR_024,2025-12-02 18:51:02,32.29,77.44,1038.7,Factory_Floor,37.4,-52
SENSOR_058,2025-12-02 18:50:57,37.83,88.01,1002.54,Outdoor,13.3,-56
SENSOR_016,2025-12-02 18:50:52,-0.18,60.29,1011.73,Building_B,83.5,-98
SENSOR_039,2025-12-02 18:50:47,15.47,73.93,1005.45,Factory_Floor,82.3,-69
SENSOR_059,2025-12-02 18:50:42,9.04,40.67,1036.24,Building_A,3.2,-47
SENSOR_079,2025-12-02 18:50:37,32.13,86.28,980.94,Building_B,6.7,-96
SENSOR_058,2025-12-02 18:50:32,22.88,72.75,982.92,Building_A,40.2,-71
SENSOR_070,2025-12-02 18:50:27,1.95,84.78,983.39,Outdoor,99.3,-71
SENSOR_094,2025-12-02 18:50:22,21.69,63.31,1026.35,Warehouse_1,23.7,-82
SENSOR_085,2025-12-02 18:50:17,18.67,51.02,996.51,Outdoor,94.9,-78
SENSOR_081,2025-12-02 18:50:12,27.33,61.69,982.81,Warehouse_1,94.2,-52
SENSOR_068,2025-12-02 18:50:07,7.53,51.22,988.95,Factory_Floor,18.4,-32
SENSOR_061,2025-12-02 18:50:02,3.25,36.9,1031.45,Building_B,80.6,-93
SENSOR_072,2025-12-02 18:49:57,12.7,51.24,1011.8,Factory_Floor,24.3,-74
SENSOR_043,2025-12-02 18:49:52,25.57,89.17,1030.83,Building_A,53.6,-76
SENSOR_007,2025-12-02 18:49:47,4.77,70.53,1016.18,Building_A,18.8,-73
SENSOR_062,2025-12-02 18:49:42,1.49,88.03,998.19,Building_A,21.2,-76
SENSOR_095,2025-12-02 18:49:37,-3.55,94.97,1008.74,Building_B,69.6,-74
SENSOR_051,2025-12-02 18:49:32,40.33,61.41,1026.53,Factory_Floor,46.6,-55
SENSOR_040,2025-12-02 18:49:27,4.39,58.46,1009.84,Building_A,80.3,-40
SENSOR_098,2025-12-02 18:49:22,36.19,88.57,1002.24,Factory_Floor,4.6,-72
SENSOR_095,2025-12-02 18:49:17,-1.97,39.56,1036.09,Outdoor,72.0,-63
SENSOR_020,2025-12-02 18:49:12,0.79,37.25,1014.19,Building_B,49.9,-57
SENSOR_033,2025-12-02 18:49:07,31.98,56.65,1023.41,Factory_Floor,46.1,-55
SENSOR_022,2025-12-02 18:49:02,-2.3,60.99,991.04,Outdoor,99.0,-93
SENSOR_068,2025-12-02 18:48:57,-8.14,83.5,1036.71,Building_A,76.4,-48
SENSOR_018,2025-12-02 18:48:52,36.34,37.36,1022.43,Building_A,21.9,-42
SENSOR_048,2025-12-02 18:48:47,-6.68,67.83,1036.03,Factory_Floor,65.9,-98
SENSOR_001,2025-12-02 18:48:42,19.27,50.85,981.0,Warehouse_1,53.6,-64
SENSOR_003,2025-12-02 18:48:37,17.62,72.34,1005.83,Building_B,10.7,-88
SENSOR_068,2025-12-02 18:48:32,-1.81,34.39,1011.59,Warehouse_1,26.7,-50
SENSOR_011,2025-12-02 18:48:27,10.52,50.45,1013.9,Building_B,30.0,-90
SENSOR_084,2025-12-02 18:48:22,44.54,68.74,981.9,Factory_Floor,37.9,-30
SENSOR_061,2025-12-02 18:48:17,-6.91,20.71,990.28,Factory_Floor,84.5,-58
SENSOR_073,2025-12-02 18:48:12,43.75,93.04,1033.69,Building_A,23.0,-40
SENSOR_035,2025-12-02 18:48:07,-7.44,25.58,1035.54,Outdoor,56.4,-96
SENSOR_023,2025-12-02 18:48:02,41.08,43.59,1037.69,Outdoor,14.4,-50
SENSOR_010,2025-12-02 18:47:57,6.46,62.3,1014.0,Factory_Floor,67.7,-31
SENSOR_043,2025-12-02 18:47:52,11.11,75.48,1027.43,Building_A,50.1,-56
SENSOR_007,2025-12-02 18:47:47,-4.63,37.41,984.56,Outdoor,76.9,-50
SENSOR_100,2025-12-02 18:47:42,7.95,67.56,1027.01,Factory_Floor,49.1,-55
SENSOR_071,2025-12-02 18:47:37,41.76,52.39,1020.78,Factory_Floor,8.6,-63
SENSOR_032,2025-12-02 18:47:32,29.22,26.15,989.25,Building_B,74.0,-60
SENSOR_047,2025-12-02 18:47:27,-4.14,20.39,998.5,Warehouse_1,76.1,-87
SENSOR_017,2025-12-02 18:47:22,-5.2,52.32,1013.42,Outdoor,40.8,-97
SENSOR_012,2025-12-02 18:47:17,9.47,26.98,1015.88,Warehouse_1,86.4,-99
SENSOR_038,2025-12-02 18:47:12,12.76,78.44,1023.49,Outdoor,90.5,-69
SENSOR_074,2025-12-02 18:47:07,18.66,71.4,990.17,Warehouse_1,30.1,-37
SENSOR_019,2025-12-02 18:47:02,-6.52,52.6,1005.27,Factory_Floor,78.3,-54
SENSOR_033,2025-12-02 18:46:57,41.93,74.07,1009.75,Outdoor,19.6,-87
SENSOR_018,2025-12-02 18:46:52,6.76,91.16,999.93,Outdoor,38.0,-58
SENSOR_057,2025-12-02 18:46:47,8.41,81.16,1031.57,Outdoor,13.6,-59
SENSOR_078,2025-12-02 18:46:42,42.1,35.06,998.85,Factory_Floor,96.9,-63
SENSOR_095,2025-12-02 18:46:37,28.22,56.83,1014.55,Building_B,32.6,-65
SENSOR_051,2025-12-02 18:46:32,10.08,89.91,991.99,Outdoor,18.0,-30
SENSOR_004,2025-12-02 18:46:27,42.42,54.62,1022.5,Factory_Floor,79.8,-92
SENSOR_053,2025-12-02 18:46:22,27.01,30.44,998.17,Warehouse_1,65.9,-46
SENSOR_049,2025-12-02 18:46:17,-5.93,94.3,1008.75,Factory_Floor,53.4,-47
SENSOR_070,2025-12-02 18:46:12,-7.98,92.63,1022.1,Outdoor,59.4,-90
SENSOR_014,2025-12-02 18:46:07,32.29,69.32,1001.3,Outdoor,4.4,-49
SENSOR_097,2025-12-02 18:46:02,8.24,79.72,986.36,Building_A,25.9,-35
SENSOR_096,2025-12-02 18:45:57,18.53,63.54,1014.51,Factory_Floor,37.4,-41
SENSOR_099,2025-12-02 18:45:52,27.38,71.78,989.04,Building_A,48.3,-63
SENSOR_054,2025-12-02 18:45:47,40.63,26.44,1029.88,Building_B,34.8,-57
SENSOR_059,2025-12-02 18:45:42,33.13,59.08,1000.9,Building_A,43.8,-43
SENSOR_041,2025-12-02 18:45:37,-6.31,23.35,1022.65,Building_A,84.9,-87
SENSOR_087,2025-12-02 18:45:32,34.0,89.74,1024.43,Outdoor,17.4,-80
SENSOR_043,2025-12-02 18:45:27,20.79,91.88,993.91,Factory_Floor,63.0,-77
SENSOR_082,2025-12-02 18:45:22,26.15,49.67,1024.24,Building_B,45.0,-46
SENSOR_050,2025-12-02 18:45:17,-9.76,36.11,996.7,Building_A,57.7,-32
SENSOR_024,2025-12-02 18:45:12,10.12,34.78,986.84,Factory_Floor,52.8,-60
SENSOR_077,2025-12-02 18:45:07,11.38,49.44,986.85,Warehouse_1,84.6,-78
SENSOR_087,2025-12-02 18:45:02,28.83,42.31,1016.87,Building_A,67.2,-60
SENSOR_016,2025-12-02 18:44:57,3.12,28.77,1002.4,Building_B,51.1,-47
SENSOR_077,2025-12-02 18:44:52,-2.42,48.78,991.15,Outdoor,69.3,-78
SENSOR_072,2025-12-02 18:44:47,-0.82,41.66,991.23,Factory_Floor,61.9,-55
SENSOR_002,2025-12-02 18:44:42,16.65,34.63,1003.04,Outdoor,50.5,-37
SENSOR_053,2025-12-02 18:44:37,27.66,51.17,1030.39,Factory_Floor,16.7,-97
SENSOR_098,2025-12-02 18:44:32,2.13,22.45,993.49,Warehouse_1,16.8,-42
SENSOR_073,2025-12-02 18:44:27,30.84,77.44,1012.98,Building_A,57.3,-66
SENSOR_100,2025-12-02 18:44:22,19.87,94.32,1012.52,Building_A,76.0,-44
SENSOR_070,2025-12-02 18:44:17,2.02,51.89,1024.16,Building_B,29.8,-96
SENSOR_058,2025-12-02 18:44:12,4.45,84.66,985.22,Building_A,77.6,-70
SENSOR_027,2025-12-02 18:44:07,34.59,64.09,1001.04,Outdoor,63.3,-79
SENSOR_079,2025-12-02 18:44:02,-2.34,35.5,992.42,Building_A,57.0,-32
SENSOR_036,2025-12-02 18:43:57,22.83,32.63,1038.74,Warehouse_1,28.9,-66
SENSOR_066,2025-12-02 18:43:52,44.2,70.95,985.71,Factory_Floor,91.9,-65
SENSOR_084,2025-12-02 18:43:47,-3.02,84.96,994.98,Warehouse_1,82.8,-50
SENSOR_063,2025-12-02 18:43:42,-2.18,67.43,1017.67,Factory_Floor,45.2,-89
SENSOR_052,2025-12-02 18:43:37,18.36,40.87,1036.18,Warehouse_1,45.5,-38
SENSOR_042,2025-12-02 18:43:32,22.01,85.17,1030.83,Building_A,73.1,-42
SENSOR_082,2025-12-02 18:43:27,26.53,46.87,983.8,Outdoor,39.8,-46
SENSOR_028,2025-12-02 18:43:22,17.21,44.21,997.02,Outdoor,57.8,-38
SENSOR_044,2025-12-02 18:43:17,39.18,77.17,982.76,Factory_Floor,1.6,-80
SENSOR_057,2025-12-02 18:43:12,15.11,94.39,1005.67,Building_B,88.2,-62
SENSOR_021,2025-12-02 18:43:07,38.09,85.74,985.6,Warehouse_1,25.0,-53
SENSOR_086,2025-12-02 18:43:02,39.71,32.41,1003.78,Warehouse_1,72.6,-71
SENSOR_055,2025-12-02 18:42:57,26.05,72.78,980.07,Factory_Floor,7.8,-72
SENSOR_067,2025-12-02 18:42:52,27.4,20.7,1021.74,Building_A,98.8,-46
SENSOR_089,2025-12-02 18:42:47,-2.73,25.31,1002.98,Building_A,10.3,-53
SENSOR_039,2025-12-02 18:42:42,-2.46,78.01,1025.19,Building_B,64.2,-82
SENSOR_009,2025-12-02 18:42:37,19.18,20.64,1019.0,Factory_Floor,35.1,-73
SENSOR_081,2025-12-02 18:42:32,31.15,88.99,1016.96,Factory_Floor,86.0,-89
SENSOR_013,2025-12-02 18:42:27,-2.3,29.24,1023.8,Warehouse_1,96.3,-60
SENSOR_018,2025-12-02 18:42:22,3.63,68.35,994.89,Outdoor,60.0,-64
SENSOR_100,2025-12-02 18:42:17,41.77,22.01,1030.82,Warehouse_1,20.5,-35
SENSOR_025,2025-12-02 18:42:12,31.13,42.17,983.27,Building_B,49.5,-86
SENSOR_031,2025-12-02 18:42:07,17.48,64.54,1011.7,Building_A,98.7,-60
SENSOR_017,2025-12-02 18:42:02,11.28,82.92,1005.25,Outdoor,68.3,-40
SENSOR_099,2025-12-02 18:41:57,-5.99,64.05,980.83,Building_B,4.0,-93
SENSOR_051,2025-12-02 18:41:52,17.86,67.14,1010.06,Factory_Floor,42.4,-49
SENSOR_011,2025-12-02 18:41:47,25.23,60.32,989.16,Building_A,31.0,-35
SENSOR_027,2025-12-02 18:41:42,43.59,31.65,999.61,Outdoor,63.4,-92
SENSOR_040,2025-12-02 18:41:37,28.43,74.75,1030.79,Building_A,24.4,-45
SENSOR_015,2025-12-02 18:41:32,14.94,65.66,998.56,Building_B,11.9,-83
SENSOR_090,2025-12-02 18:41:27,-9.38,57.23,1000.8,Outdoor,78.3,-67
SENSOR_022,2025-12-02 18:41:22,10.45,76.23,1032.41,Building_A,77.1,-97
SENSOR_043,2025-12-02 18:41:17,34.39,40.4,983.83,Outdoor,62.8,-37
SENSOR_059,2025-12-02 18:41:12,18.09,24.16,1031.56,Building_B,36.8,-68
SENSOR_099,2025-12-02 18:41:07,-4.34,63.04,1023.37,Building_B,74.1,-100
SENSOR_006,2025-12-02 18:41:02,37.23,20.92,982.76,Warehouse_1,38.3,-81
SENSOR_023,2025-12-02 18:40:57,41.21,84.31,1013.17,Factory_Floor,22.5,-69
SENSOR_054,2025-12-02 18:40:52,40.37,44.0,1029.56,Outdoor,37.3,-36
SENSOR_087,2025-12-02 18:40:47,39.61,33.45,1028.26,Building_A,95.4,-92
SENSOR_060,2025-12-02 18:40:42,37.63,78.01,998.64,Building_A,55.3,-99
SENSOR_048,2025-12-02 18:40:37,1.04,62.29,998.23,Outdoor,24.3,-53
SENSOR_076,2025-12-02 18:40:32,43.45,94.83,1026.55,Outdoor,76.0,-69
SENSOR_020,2025-12-02 18:40:27,-9.65,50.75,993.98,Warehouse_1,63.6,-99
SENSOR_043,2025-12-02 18:40:22,-9.92,69.3,1030.94,Warehouse_1,10.4,-33
SENSOR_031,2025-12-02 18:40:17,13.09,92.09,1038.35,Building_B,71.2,-89
SENSOR_006,2025-12-02 18:40:12,40.67,87.3,1011.19,Warehouse_1,45.8,-90
SENSOR_075,2025-12-02 18:40:07,-4.74,30.01,1029.2,Building_A,59.2,-93
SENSOR_056,2025-12-02 18:40:02,26.43,29.8,997.5,Warehouse_1,92.6,-50
SENSOR_090,2025-12-02 18:39:57,35.75,44.47,1007.17,Building_B,7.5,-75
SENSOR_018,2025-12-02 18:39:52,32.9,63.85,989.32,Building_B,45.0,-60
SENSOR_053,2025-12-02 18:39:47,-3.36,46.87,1026.22,Factory_Floor,30.8,-67
SENSOR_016,2025-12-02 18:39:42,-5.03,80.57,998.25,Outdoor,4.0,-59
SENSOR_019,2025-12-02 18:39:37,-4.98,38.62,1001.34,Outdoor,4.9,-62
SENSOR_034,2025-12-02 18:39:32,35.1,33.04,1037.13,Factory_Floor,55.6,-30
SENSOR_032,2025-12-02 18:39:27,-4.79,27.64,1027.63,Building_A,1.2,-72
SENSOR_017,2025-12-02 18:39:22,0.9,50.04,1021.18,Building_A,58.2,-67
SENSOR_010,2025-12-02 18:39:17,-8.8,24.84,1034.15,Factory_Floor,80.9,-89
SENSOR_043,2025-12-02 18:39:12,-3.26,90.67,983.04,Outdoor,43.3,-50
SENSOR_064,2025-12-02 18:39:07,-8.38,71.24,990.37,Building_B,90.8,-65
SENSOR_036,2025-12-02 18:39:02,14.53,31.15,1016.85,Outdoor,24.6,-63
SENSOR_064,2025-12-02 18:38:57,12.66,61.3,983.66,Warehouse_1,38.3,-47
SENSOR_026,2025-12-02 18:38:52,25.35,79.79,994.95,Outdoor,79.5,-52
SENSOR_092,2025-12-02 18:38:47,9.75,60.84,1009.08,Outdoor,50.2,-51
SENSOR_035,2025-12-02 18:38:42,-0.11,43.92,993.14,Warehouse_1,5.9,-40
SENSOR_068,2025-12-02 18:38:37,9.66,63.8,993.97,Building_B,10.0,-70
SENSOR_035,2025-12-02 18:38:32,19.35,79.34,1024.22,Building_B,57.6,-51
SENSOR_046,2025-12-02 18:38:27,41.44,94.37,990.42,Building_B,59.3,-55
SENSOR_076,2025-12-02 18:38:22,-8.45,72.54,1036.85,Outdoor,14.2,-76
SENSOR_064,2025-12-02 18:38:17,19.82,33.17,982.28,Building_A,23.3,-72
SENSOR_003,2025-12-02 18:38:12,18.95,20.05,1035.07,Building_B,80.6,-57
SENSOR_092,2025-12-02 18:38:07,-0.24,80.18,1032.09,Building_A,2.2,-82
SENSOR_100,2025-12-02 18:38:02,-3.9,59.47,1001.89,Building_A,37.4,-50
SENSOR_076,2025-12-02 18:37:57,-4.44,42.63,988.19,Building_B,73.2,-45
SENSOR_082,2025-12-02 18:37:52,42.84,68.69,990.45,Outdoor,69.4,-55
SENSOR_029,2025-12-02 18:37:47,26.6,81.08,1002.7,Warehouse_1,12.7,-100
SENSOR_090,2025-12-02 18:37:42,42.18,49.37,1039.66,Outdoor,3.2,-60
SENSOR_079,2025-12-02 18:37:37,2.15,62.42,1036.2,Building_B,33.1,-91
SENSOR_031,2025-12-02 18:37:32,9.07,43.96,1018.17,Building_A,82.2,-58
SENSOR_058,2025-12-02 18:37:27,-9.37,35.73,1021.59,Warehouse_1,25.7,-87
SENSOR_093,2025-12-02 18:37:22,-9.93,48.95,1023.96,Building_B,88.5,-37
SENSOR_049,2025-12-02 18:37:17,9.32,48.15,1029.73,Outdoor,65.1,-72
SENSOR_021,2025-12-02 18:37:12,14.82,79.94,982.0,Building_A,31.9,-87
SENSOR_010,2025-12-02 18:37:07,8.8,86.59,989.65,Building_A,54.7,-89
SENSOR_044,2025-12-02 18:37:02,22.67,66.02,1008.96,Building_A,43.1,-79
SENSOR_078,2025-12-02 18:36:57,38.94,31.78,986.08,Building_B,97.4,-48
SENSOR_090,2025-12-02 18:36:52,20.48,89.42,1012.41,Warehouse_1,29.7,-88
SENSOR_007,2025-12-02 18:36:47,11.61,61.22,1009.46,Building_A,36.1,-46
SENSOR_012,2025-12-02 18:36:42,6.2,69.65,1016.01,Building_B,9.7,-74
SENSOR_022,2025-12-02 18:36:37,25.1,93.28,1008.41,Building_A,30.8,-50
SENSOR_061,2025-12-02 18:36:32,16.9,69.58,985.47,Outdoor,38.8,-53
SENSOR_049,2025-12-02 18:36:27,10.32,53.43,995.8,Factory_Floor,26.3,-66
SENSOR_073,2025-12-02 18:36:22,-6.61,76.42,1020.05,Building_A,66.8,-31
SENSOR_053,2025-12-02 18:36:17,43.39,64.23,1013.22,Factory_Floor,81.8,-47
SENSOR_069,2025-12-02 18:36:12,27.79,90.23,1014.36,Building_B,47.6,-90
SENSOR_051,2025-12-02 18:36:07,39.65,73.57,1010.13,Outdoor,80.0,-82
SENSOR_016,2025-12-02 18:36:02,42.21,53.68,1036.94,Building_B,97.2,-76
SENSOR_017,2025-12-02 18:35:57,-7.65,25.88,1020.99,Building_B,99.7,-82
SENSOR_077,2025-12-02 18:35:52,4.18,88.31,1034.85,Building_A,8.7,-50
SENSOR_071,2025-12-02 18:35:47,7.94,40.72,1007.49,Building_A,78.7,-34
SENSOR_054,2025-12-02 18:35:42,-3.81,31.22,1014.0,Outdoor,75.8,-88
SENSOR_014,2025-12-02 18:35:37,20.95,27.57,997.17,Outdoor,88.0,-48
SENSOR_034,2025-12-02 18:35:32,11.07,56.42,1016.54,Building_A,17.2,-49
SENSOR_019,2025-12-02 18:35:27,24.0,71.06,1004.1,Factory_Floor,89.0,-58
SENSOR_089,2025-12-02 18:35:22,3.07,75.93,1035.25,Warehouse_1,2.0,-62
SENSOR_040,2025-12-02 18:35:17,5.42,56.87,1021.77,Building_A,97.2,-71
SENSOR_018,2025-12-02 18:35:12,6.53,75.78,1026.44,Warehouse_1,26.9,-47
SENSOR_078,2025-12-02 18:35:07,25.51,34.1,992.68,Factory_Floor,74.1,-34
SENSOR_048,2025-12-02 18:35:02,35.16,58.65,989.54,Warehouse_1,71.0,-49
SENSOR_018,2025-12-02 18:34:57,32.93,59.32,1014.12,Building_B,19.3,-75
SENSOR_008,2025-12-02 18:34:52,3.72,54.23,1035.08,Building_B,27.4,-41
SENSOR_065,2025-12-02 18:34:47,11.83,89.23,1020.87,Building_B,37.2,-43
SENSOR_023,2025-12-02 18:34:42,42.83,55.59,1013.08,Warehouse_1,16.4,-67
SENSOR_096,2025-12-02 18:34:37,35.7,26.78,981.65,Building_A,16.3,-73
SENSOR_029,2025-12-02 18:34:32,25.61,70.83,996.15,Factory_Floor,51.3,-99
SENSOR_061,2025-12-02 18:34:27,40.13,68.55,1016.07,Building_A,22.4,-61
SENSOR_092,2025-12-02 18:34:22,43.19,68.21,1005.43,Factory_Floor,85.2,-42
SENSOR_033,2025-12-02 18:34:17,2.0,42.66,1011.24,Outdoor,39.7,-87
SENSOR_001,2025-12-02 18:34:12,18.13,69.68,1030.6,Warehouse_1,56.1,-64
SENSOR_039,2025-12-02 18:34:07,27.64,56.13,1000.18,Warehouse_1,64.1,-65
SENSOR_034,2025-12-02 18:34:02,26.09,91.41,1019.09,Building_B,15.0,-70
SENSOR_008,2025-12-02 18:33:57,34.3,80.18,1016.0,Warehouse_1,68.1,-97
SENSOR_084,2025-12-02 18:33:52,17.36,42.17,1034.41,Factory_Floor,38.8,-96
SENSOR_075,2025-12-02 18:33:47,28.94,62.9,991.39,Building_B,68.6,-40
SENSOR_086,2025-12-02 18:33:42,9.72,42.51,990.2,Outdoor,18.1,-88
SENSOR_061,2025-12-02 18:33:37,-2.96,39.4,1028.5,Building_B,94.7,-58
SENSOR_084,2025-12-02 18:33:32,-5.09,46.65,1024.65,Warehouse_1,42.0,-58
SENSOR_048,2025-12-02 18:33:27,4.33,42.05,1031.07,Factory_Floor,5.4,-91
SENSOR_061,2025-12-02 18:33:22,38.92,57.54,1032.05,Factory_Floor,53.0,-48
SENSOR_007,2025-12-02 18:33:17,37.9,31.31,1039.54,Warehouse_1,40.9,-42
SENSOR_019,2025-12-02 18:33:12,7.4,73.68,1026.74,Factory_Floor,33.3,-78
SENSOR_041,2025-12-02 18:33:07,24.9,20.35,996.41,Building_B,57.6,-80
SENSOR_063,2025-12-02 18:33:02,33.19,78.48,987.76,Factory_Floor,63.3,-49
SENSOR_055,2025-12-02 18:32:57,43.09,48.75,982.26,Building_B,73.1,-99
SENSOR_042,2025-12-02 18:32:52,31.63,59.83,981.07,Building_A,62.7,-69
SENSOR_029,2025-12-02 18:32:47,28.14,45.83,987.74,Factory_Floor,50.3,-61
SENSOR_022,2025-12-02 18:32:42,-6.41,23.43,1036.91,Factory_Floor,72.8,-33
SENSOR_044,2025-12-02 18:32:37,13.85,71.51,988.03,Factory_Floor,35.9,-76
SENSOR_022,2025-12-02 18:32:32,42.14,88.87,1004.2,Building_B,22.4,-84
SENSOR_028,2025-12-02 18:32:27,30.37,64.23,990.14,Warehouse_1,71.1,-96
SENSOR_049,2025-12-02 18:32:22,38.21,39.18,1012.08,Building_A,59.4,-94
SENSOR_085,2025-12-02 18:32:17,-4.05,82.71,982.89,Building_A,41.7,-52
SENSOR_016,2025-12-02 18:32:12,20.1,55.58,989.19,Building_A,30.1,-88
SENSOR_085,2025-12-02 18:32:07,18.62,66.71,1022.04,Factory_Floor,83.1,-87
SENSOR_066,2025-12-02 18:32:02,29.53,28.83,986.84,Building_A,49.8,-75
SENSOR_100,2025-12-02 18:31:57,4.46,59.24,992.1,Factory_Floor,29.5,-95
SENSOR_071,2025-12-02 18:31:52,17.3,35.58,1035.99,Warehouse_1,23.5,-99
SENSOR_086,2025-12-02 18:31:47,-5.1,28.28,1014.45,Factory_Floor,14.9,-89
SENSOR_100,2025-12-02 18:31:42,18.14,74.27,986.08,Warehouse_1,64.4,-42
SENSOR_038,2025-12-02 18:31:37,4.53,23.76,1028.79,Building_A,85.2,-54
SENSOR_087,2025-12-02 18:31:32,7.2,75.39,985.7,Building_A,1.0,-83
SENSOR_085,2025-12-02 18:31:27,25.6,44.65,1033.67,Outdoor,26.8,-89
SENSOR_048,2025-12-02 18:31:22,34.82,33.72,1004.05,Factory_Floor,27.2,-51
SENSOR_089,2025-12-02 18:31:17,36.79,79.99,1018.93,Building_B,11.3,-93
SENSOR_021,2025-12-02 18:31:12,-4.3,88.34,1008.96,Outdoor,67.8,-77
SENSOR_079,2025-12-02 18:31:07,10.89,46.89,981.73,Building_B,48.3,-38
SENSOR_015,2025-12-02 18:31:02,38.82,53.05,983.8,Warehouse_1,1.2,-33
SENSOR_099,2025-12-02 18:30:57,30.9,74.28,993.44,Warehouse_1,51.9,-88
SENSOR_056,2025-12-02 18:30:52,26.39,38.64,1000.74,Factory_Floor,14.9,-94
SENSOR_002,2025-12-02 18:30:47,25.39,31.77,1030.93,Factory_Floor,86.9,-91
SENSOR_097,2025-12-02 18:30:42,17.04,38.07,1038.21,Building_A,50.7,-30
SENSOR_083,2025-12-02 18:30:37,10.83,81.28,984.73,Factory_Floor,80.1,-43
SENSOR_012,2025-12-02 18:30:32,37.11,53.53,987.12,Factory_Floor,74.5,-98
SENSOR_014,2025-12-02 18:30:27,12.19,22.69,1012.95,Building_A,79.2,-62
SENSOR_066,2025-12-02 18:30:22,20.93,69.09,1007.37,Warehouse_1,36.3,-94
SENSOR_029,2025-12-02 18:30:17,36.44,44.9,1026.04,Outdoor,47.3,-54
SENSOR_092,2025-12-02 18:30:12,14.89,27.31,1019.53,Building_A,34.1,-63
SENSOR_071,2025-12-02 18:30:07,18.71,72.66,982.75,Building_B,49.2,-48
SENSOR_014,2025-12-02 18:30:02,3.99,34.69,987.24,Factory_Floor,21.6,-76
SENSOR_092,2025-12-02 18:29:57,8.59,76.79,982.79,Outdoor,12.3,-43
SENSOR_059,2025-12-02 18:29:52,26.22,91.71,988.08,Factory_Floor,0.4,-94
SENSOR_071,2025-12-02 18:29:47,41.44,82.91,1008.98,Outdoor,78.1,-78
SENSOR_089,2025-12-02 18:29:42,21.82,74.79,987.7,Factory_Floor,65.8,-59
SENSOR_065,2025-12-02 18:29:37,38.48,51.4,1016.54,Building_B,27.4,-57
SENSOR_038,2025-12-02 18:29:32,14.91,30.0,1004.76,Outdoor,29.9,-30
SENSOR_041,2025-12-02 18:29:27,29.15,90.16,1017.95,Building_B,21.0,-63
SENSOR_088,2025-12-02 18:29:22,8.99,70.43,1038.88,Building_B,50.4,-59
SENSOR_091,2025-12-02 18:29:17,-3.65,46.42,1008.82,Outdoor,94.3,-47
SENSOR_087,2025-12-02 18:29:12,31.13,83.1,997.16,Factory_Floor,80.8,-34
SENSOR_014,2025-12-02 18:29:07,-8.61,30.9,1020.22,Building_B,26.7,-80
SENSOR_037,2025-12-02 18:29:02,27.59,30.98,983.72,Warehouse_1,20.4,-31
SENSOR_005,2025-12-02 18:28:57,9.73,53.94,1016.97,Outdoor,86.5,-51
SENSOR_031,2025-12-02 18:28:52,18.1,79.76,1021.77,Building_A,92.6,-51
SENSOR_054,2025-12-02 18:28:47,42.62,93.19,998.76,Outdoor,5.4,-68
SENSOR_026,2025-12-02 18:28:42,24.13,78.57,1032.21,Building_B,91.1,-53
SENSOR_097,2025-12-02 18:28:37,22.36,75.38,991.79,Building_B,29.4,-78
SENSOR_088,2025-12-02 18:28:32,-5.9,92.19,1024.1,Building_A,37.7,-46
SENSOR_036,2025-12-02 18:28:27,20.61,29.75,1015.04,Warehouse_1,0.6,-41
SENSOR_091,2025-12-02 18:28:22,41.56,23.0,1035.72,Outdoor,5.1,-62
SENSOR_063,2025-12-02 18:28:17,33.44,61.26,984.37,Warehouse_1,52.5,-77
SENSOR_067,2025-12-02 18:28:12,-6.25,57.89,1004.96,Outdoor,40.3,-56
SENSOR_029,2025-12-02 18:28:07,38.59,69.75,999.86,Warehouse_1,21.8,-33
SENSOR_061,2025-12-02 18:28:02,44.81,81.78,1038.87,Building_A,11.5,-56
SENSOR_058,2025-12-02 18:27:57,3.22,68.17,1035.12,Building_B,95.9,-59
SENSOR_049,2025-12-02 18:27:52,40.38,90.87,1003.15,Outdoor,72.4,-97
SENSOR_067,2025-12-02 18:27:47,35.22,48.12,1028.17,Factory_Floor,48.7,-63
SENSOR_084,2025-12-02 18:27:42,0.59,58.54,1036.89,Building_B,97.2,-32
SENSOR_069,2025-12-02 18:27:37,-9.6,24.91,1020.22,Building_B,86.5,-46
SENSOR_014,2025-12-02 18:27:32,1.31,82.16,1032.72,Factory_Floor,64.7,-91
SENSOR_096,2025-12-02 18:27:27,27.73,21.78,1023.01,Building_A,8.8,-94
SENSOR_023,2025-12-02 18:27:22,33.68,61.86,1014.5,Building_B,91.1,-48
SENSOR_050,2025-12-02 18:27:17,14.81,50.33,998.98,Factory_Floor,67.3,-32
SENSOR_001,2025-12-02 18:27:12,25.28,66.38,1025.36,Outdoor,4.6,-91
SENSOR_046,2025-12-02 18:27:07,41.04,27.96,1027.21,Warehouse_1,60.7,-64
SENSOR_098,2025-12-02 18:27:02,40.97,48.61,1029.33,Building_A,47.4,-32
SENSOR_029,2025-12-02 18:26:57,-2.5,49.32,1027.85,Outdoor,29.5,-82
SENSOR_039,2025-12-02 18:26:52,27.25,88.56,1027.7,Warehouse_1,95.7,-99
SENSOR_071,2025-12-02 18:26:47,38.11,30.6,982.51,Outdoor,59.7,-32
SENSOR_071,2025-12-02 18:26:42,42.08,42.85,1024.9,Warehouse_1,21.2,-35
SENSOR_019,2025-12-02 18:26:37,-1.15,36.56,1030.08,Building_B,11.5,-94
SENSOR_097,2025-12-02 18:26:32,41.28,94.57,1007.68,Outdoor,7.3,-92
SENSOR_033,2025-12-02 18:26:27,-4.6,74.42,1009.23,Warehouse_1,35.7,-70
SENSOR_013,2025-12-02 18:26:22,5.68,25.24,991.61,Factory_Floor,45.1,-61
SENSOR_089,2025-12-02 18:26:17,22.13,62.42,1001.87,Warehouse_1,95.9,-79
SENSOR_001,2025-12-02 18:26:12,7.23,78.92,1022.73,Factory_Floor,27.7,-54
SENSOR_018,2025-12-02 18:26:07,27.38,44.87,1008.8,Factory_Floor,35.9,-61
SENSOR_063,2025-12-02 18:26:02,20.34,33.18,1016.4,Warehouse_1,85.9,-83
SENSOR_069,2025-12-02 18:25:57,0.8,75.02,1017.6,Building_A,89.2,-36
SENSOR_081,2025-12-02 18:25:52,-8.28,63.64,1004.31,Outdoor,21.3,-96
SENSOR_071,2025-12-02 18:25:47,4.33,87.05,1012.38,Building_B,36.6,-72
SENSOR_099,2025-12-02 18:25:42,22.43,84.29,988.03,Outdoor,51.0,-50
SENSOR_047,2025-12-02 18:25:37,17.62,69.7,1030.88,Outdoor,68.4,-35
SENSOR_018,2025-12-02 18:25:32,14.54,33.44,1036.92,Building_B,73.6,-39
SENSOR_046,2025-12-02 18:25:27,-7.78,77.11,993.9,Warehouse_1,36.9,-95
SENSOR_086,2025-12-02 18:25:22,1.37,88.08,1001.68,Factory_Floor,91.8,-95
SENSOR_006,2025-12-02 18:25:17,43.93,44.31,1022.22,Outdoor,63.4,-65
SENSOR_095,2025-12-02 18:25:12,4.48,60.83,990.43,Factory_Floor,36.5,-91
SENSOR_067,2025-12-02 18:25:07,3.84,92.95,993.37,Factory_Floor,35.3,-56
SENSOR_063,2025-12-02 18:25:02,33.6,86.54,980.4,Building_B,44.0,-71
SENSOR_010,2025-12-02 18:24:57,18.3,41.06,989.01,Building_B,36.2,-85
SENSOR_085,2025-12-02 18:24:52,2.67,80.84,1023.22,Factory_Floor,67.5,-39
SENSOR_027,2025-12-02 18:24:47,22.49,68.54,1004.65,Building_B,4.3,-80
SENSOR_018,2025-12-02 18:24:42,24.62,22.94,1014.34,Building_A,16.6,-77
SENSOR_067,2025-12-02 18:24:37,42.7,64.95,1013.82,Building_A,87.9,-64
SENSOR_011,2025-12-02 18:24:32,1.91,65.49,1008.28,Factory_Floor,17.1,-48
SENSOR_077,2025-12-02 18:24:27,-2.15,63.7,1026.05,Outdoor,66.0,-67
SENSOR_022,2025-12-02 18:24:22,29.83,45.7,1007.21,Outdoor,6.9,-52
SENSOR_050,2025-12-02 18:24:17,-2.73,21.24,1011.36,Outdoor,68.4,-81
SENSOR_078,2025-12-02 18:24:12,-4.7,55.69,1016.88,Building_A,87.8,-32
SENSOR_065,2025-12-02 18:24:07,31.38,26.99,1019.56,Outdoor,53.9,-100
SENSOR_100,2025-12-02 18:24:02,27.32,52.36,1005.24,Building_A,69.8,-46
SENSOR_030,2025-12-02 18:23:57,41.61,56.16,1026.12,Warehouse_1,58.9,-88
SENSOR_055,2025-12-02 18:23:52,-2.64,55.79,993.95,Building_A,28.3,-31
SENSOR_053,2025-12-02 18:23:47,4.18,20.41,1024.62,Building_A,57.8,-85
SENSOR_067,2025-12-02 18:23:42,-9.6,69.09,1021.27,Warehouse_1,40.9,-87
SENSOR_020,2025-12-02 18:23:37,13.43,63.9,995.68,Outdoor,42.4,-54
SENSOR_079,2025-12-02 18:23:32,5.16,71.05,1025.3,Factory_Floor,55.2,-39
SENSOR_023,2025-12-02 18:23:27,10.36,61.62,995.23,Warehouse_1,57.8,-50
SENSOR_095,2025-12-02 18:23:22,-2.41,84.79,987.15,Building_B,44.7,-80
SENSOR_013,2025-12-02 18:23:17,1.8,50.04,1000.31,Outdoor,61.4,-94
SENSOR_021,2025-12-02 18:23:12,11.4,67.69,1028.26,Building_B,47.2,-45
SENSOR_012,2025-12-02 18:23:07,-6.48,36.63,984.8,Building_A,72.4,-49
SENSOR_079,2025-12-02 18:23:02,26.09,41.49,1037.81,Building_A,94.6,-78
SENSOR_082,2025-12-02 18:22:57,17.19,20.8,1031.03,Outdoor,28.6,-96
SENSOR_077,2025-12-02 18:22:52,18.08,72.38,1016.91,Building_A,36.0,-100
SENSOR_021,2025-12-02 18:22:47,-5.22,40.7,1003.97,Factory_Floor,40.5,-75
SENSOR_067,2025-12-02 18:22:42,-9.15,72.77,1035.15,Outdoor,28.4,-56
SENSOR_045,2025-12-02 18:22:37,42.98,40.74,1016.38,Building_B,45.5,-49
SENSOR_074,2025-12-02 18:22:32,-9.74,33.13,1010.37,Outdoor,7.2,-63
SENSOR_044,2025-12-02 18:22:27,42.09,80.22,1037.4,Outdoor,81.3,-68
SENSOR_089,2025-12-02 18:22:22,14.35,48.28,1009.02,Building_B,75.7,-42
SENSOR_088,2025-12-02 18:22:17,15.34,64.01,981.64,Building_A,25.8,-52
SENSOR_082,2025-12-02 18:22:12,33.38,36.53,1022.07,Warehouse_1,41.2,-55
SENSOR_067,2025-12-02 18:22:07,19.46,72.56,995.8,Warehouse_1,9.3,-57
SENSOR_010,2025-12-02 18:22:02,20.5,33.39,998.83,Building_B,89.4,-66
SENSOR_024,2025-12-02 18:21:57,42.09,71.23,1034.6,Factory_Floor,73.7,-70
SENSOR_095,2025-12-02 18:21:52,3.31,39.91,993.75,Building_B,83.6,-55
SENSOR_020,2025-12-02 18:21:47,32.84,28.99,984.71,Factory_Floor,61.4,-31
SENSOR_006,2025-12-02 18:21:42,36.64,47.84,998.93,Outdoor,86.9,-38
SENSOR_024,2025-12-02 18:21:37,44.14,88.7,996.82,Building_B,75.0,-84
SENSOR_007,2025-12-02 18:21:32,18.92,51.74,1036.38,Building_A,50.2,-50
SENSOR_088,2025-12-02 18:21:27,32.67,54.29,987.22,Outdoor,46.0,-99
SENSOR_002,2025-12-02 18:21:22,27.08,48.46,986.04,Warehouse_1,61.3,-67
SENSOR_024,2025-12-02 18:21:17,20.17,37.79,1008.28,Outdoor,34.3,-77
SENSOR_064,2025-12-02 18:21:12,13.32,51.43,1025.13,Warehouse_1,85.4,-65
SENSOR_058,2025-12-02 18:21:07,-0.11,29.84,1014.55,Building_B,81.4,-66
SENSOR_031,2025-12-02 18:21:02,20.54,84.22,991.76,Building_B,47.3,-99
SENSOR_023,2025-12-02 18:20:57,13.18,30.09,1033.6,Outdoor,53.4,-60
SENSOR_063,2025-12-02 18:20:52,6.5,62.16,1014.07,Factory_Floor,9.9,-80
SENSOR_008,2025-12-02 18:20:47,1.85,39.07,1030.34,Building_A,45.0,-58
SENSOR_034,2025-12-02 18:20:42,9.85,62.03,1035.91,Warehouse_1,34.4,-48
SENSOR_016,2025-12-02 18:20:37,9.31,70.97,1016.33,Outdoor,57.6,-32
SENSOR_023,2025-12-02 18:20:32,43.87,41.35,999.51,Outdoor,48.7,-43
SENSOR_011,2025-12-02 18:20:27,10.96,41.49,1017.9,Building_B,86.8,-57
SENSOR_054,2025-12-02 18:20:22,24.72,62.87,1030.93,Building_A,7.9,-57
SENSOR_030,2025-12-02 18:20:17,7.24,68.98,1022.63,Outdoor,64.5,-66
SENSOR_057,2025-12-02 18:20:12,32.95,90.41,1024.87,Outdoor,96.6,-48
SENSOR_022,2025-12-02 18:20:07,0.11,21.73,1023.67,Warehouse_1,94.0,-90
SENSOR_027,2025-12-02 18:20:02,-0.82,27.73,983.83,Factory_Floor,54.8,-97
SENSOR_099,2025-12-02 18:19:57,11.84,77.37,985.0,Warehouse_1,61.8,-90
SENSOR_084,2025-12-02 18:19:52,41.24,49.24,993.76,Warehouse_1,44.3,-84
SENSOR_017,2025-12-02 18:19:47,18.97,32.8,982.11,Warehouse_1,86.0,-59
SENSOR_061,2025-12-02 18:19:42,15.7,85.32,1036.09,Outdoor,44.5,-31
SENSOR_023,2025-12-02 18:19:37,22.5,54.24,1024.93,Outdoor,43.5,-32
SENSOR_040,2025-12-02 18:19:32,39.99,56.12,993.63,Building_A,44.2,-54
SENSOR_053,2025-12-02 18:19:27,4.29,42.77,980.01,Building_B,34.4,-40
SENSOR_069,2025-12-02 18:19:22,-9.54,89.16,1036.82,Factory_Floor,30.0,-45
SENSOR_038,2025-12-02 18:19:17,22.84,79.76,1012.89,Building_B,41.2,-45
SENSOR_051,2025-12-02 18:19:12,3.74,73.62,1018.76,Factory_Floor,22.1,-90
SENSOR_055,2025-12-02 18:19:07,24.39,58.75,1028.0,Outdoor,80.8,-66
SENSOR_037,2025-12-02 18:19:02,25.67,59.9,996.13,Building_B,85.3,-77
SENSOR_018,2025-12-02 18:18:57,5.93,67.77,1017.06,Warehouse_1,70.0,-38
SENSOR_025,2025-12-02 18:18:52,7.64,31.41,1038.18,Building_A,18.6,-87
SENSOR_037,2025-12-02 18:18:47,4.81,73.64,1023.63,Building_B,9.0,-99
SENSOR_064,2025-12-02 18:18:42,1.95,51.52,1027.14,Factory_Floor,99.8,-41
SENSOR_090,2025-12-02 18:18:37,33.53,44.77,1030.61,Building_B,5.6,-50
SENSOR_010,2025-12-02 18:18:32,19.88,33.62,1033.74,Warehouse_1,81.7,-99
SENSOR_016,2025-12-02 18:18:27,43.6,73.6,1003.09,Factory_Floor,24.7,-96
SENSOR_026,2025-12-02 18:18:22,15.35,77.82,1011.27,Building_B,47.3,-61
SENSOR_042,2025-12-02 18:18:17,-1.28,74.62,1024.68,Outdoor,52.1,-68
SENSOR_062,2025-12-02 18:18:12,25.12,34.9,1033.25,Building_B,97.3,-70
SENSOR_082,2025-12-02 18:18:07,13.88,21.13,1027.66,Outdoor,12.0,-69
SENSOR_002,2025-12-02 18:18:02,43.29,63.58,1021.45,Outdoor,15.5,-89
SENSOR_032,2025-12-02 18:17:57,-1.33,26.86,1017.12,Building_A,6.0,-81
SENSOR_090,2025-12-02 18:17:52,19.5,28.05,1009.27,Warehouse_1,98.2,-56
SENSOR_057,2025-12-02 18:17:47,30.33,21.6,1002.67,Building_B,25.1,-95
SENSOR_063,2025-12-02 18:17:42,28.86,61.93,1012.56,Factory_Floor,19.0,-77
SENSOR_070,2025-12-02 18:17:37,9.12,74.93,996.52,Outdoor,91.4,-30
SENSOR_021,2025-12-02 18:17:32,-6.21,31.63,997.74,Warehouse_1,54.2,-42
SENSOR_001,2025-12-02 18:17:27,32.68,57.95,1024.02,Building_A,62.0,-54
SENSOR_100,2025-12-02 18:17:22,24.11,44.05,983.8,Outdoor,81.9,-76
SENSOR_068,2025-12-02 18:17:17,27.58,77.43,989.25,Warehouse_1,32.3,-59
SENSOR_015,2025-12-02 18:17:12,-4.71,69.42,982.63,Building_B,17.9,-96
SENSOR_026,2025-12-02 18:17:07,-4.11,34.37,981.91,Factory_Floor,65.8,-33
SENSOR_080,2025-12-02 18:17:02,28.57,39.2,1001.98,Outdoor,71.8,-99
SENSOR_027,2025-12-02 18:16:57,26.07,89.63,1029.92,Factory_Floor,80.1,-93
SENSOR_047,2025-12-02 18:16:52,20.69,90.37,1004.96,Warehouse_1,79.4,-93
SENSOR_079,2025-12-02 18:16:47,4.62,23.05,984.22,Warehouse_1,7.8,-73
SENSOR_067,2025-12-02 18:16:42,-4.66,74.39,1011.9,Building_B,19.3,-69
SENSOR_073,2025-12-02 18:16:37,24.39,33.42,1024.95,Factory_Floor,74.6,-55
SENSOR_087,2025-12-02 18:16:32,15.23,69.89,1032.97,Building_B,79.2,-30
SENSOR_052,2025-12-02 18:16:27,17.76,69.31,1012.03,Outdoor,44.3,-55
SENSOR_041,2025-12-02 18:16:22,20.25,94.76,1030.69,Factory_Floor,76.4,-45
SENSOR_093,2025-12-02 18:16:17,7.79,38.05,1012.74,Factory_Floor,76.6,-68
SENSOR_047,2025-12-02 18:16:12,42.89,53.56,1003.83,Building_A,98.3,-98
SENSOR_067,2025-12-02 18:16:07,-2.57,86.77,980.39,Building_B,21.5,-60
SENSOR_003,2025-12-02 18:16:02,32.43,90.75,1029.34,Outdoor,51.1,-81
SENSOR_013,2025-12-02 18:15:57,-7.92,46.67,988.3,Warehouse_1,89.0,-69
SENSOR_030,2025-12-02 18:15:52,4.09,42.52,1014.23,Outdoor,91.8,-91
SENSOR_093,2025-12-02 18:15:47,7.86,56.19,1009.3,Outdoor,82.0,-88
SENSOR_077,2025-12-02 18:15:42,25.32,22.8,1028.5,Factory_Floor,7.8,-93
SENSOR_099,2025-12-02 18:15:37,8.39,85.98,1006.06,Building_A,87.0,-71
SENSOR_096,2025-12-02 18:15:32,25.9,65.17,980.69,Factory_Floor,5.4,-33
SENSOR_006,2025-12-02 18:15:27,7.56,62.37,999.61,Building_B,15.3,-50
SENSOR_058,2025-12-02 18:15:22,31.41,63.14,985.4,Factory_Floor,29.0,-50
SENSOR_019,2025-12-02 18:15:17,-2.73,26.19,1014.29,Building_A,54.8,-67
SENSOR_011,2025-12-02 18:15:12,11.92,52.59,1021.87,Building_B,48.1,-75
SENSOR_063,2025-12-02 18:15:07,11.74,62.85,1013.67,Outdoor,24.6,-91
SENSOR_035,2025-12-02 18:15:02,32.72,44.26,1035.45,Building_A,11.3,-48
SENSOR_055,2025-12-02 18:14:57,10.09,34.29,1000.67,Building_A,77.0,-79
SENSOR_045,2025-12-02 18:14:52,23.89,94.26,1006.53,Building_B,44.0,-71
SENSOR_026,2025-12-02 18:14:47,27.69,31.7,1023.71,Building_A,11.2,-94
SENSOR_032,2025-12-02 18:14:42,42.19,89.5,1032.13,Warehouse_1,1.4,-86
SENSOR_040,2025-12-02 18:14:37,14.75,21.71,992.54,Outdoor,21.2,-31
SENSOR_067,2025-12-02 18:14:32,31.27,61.16,1017.38,Building_B,69.5,-98
SENSOR_049,2025-12-02 18:14:27,22.07,69.76,982.61,Building_B,6.0,-75
SENSOR_090,2025-12-02 18:14:22,23.99,23.98,1019.29,Building_A,6.7,-66
SENSOR_085,2025-12-02 18:14:17,36.86,69.51,1031.86,Building_A,29.2,-51
SENSOR_030,2025-12-02 18:14:12,43.89,58.14,1022.58,Warehouse_1,48.5,-32
SENSOR_012,2025-12-02 18:14:07,0.25,57.55,1007.48,Building_A,4.0,-33
SENSOR_040,2025-12-02 18:14:02,8.35,49.5,989.42,Warehouse_1,68.4,-55
SENSOR_081,2025-12-02 18:13:57,6.63,94.7,1038.72,Warehouse_1,81.2,-68
SENSOR_050,2025-12-02 18:13:52,38.97,81.11,981.77,Outdoor,94.9,-72
SENSOR_020,2025-12-02 18:13:47,8.8,49.46,988.24,Factory_Floor,52.1,-71
SENSOR_054,2025-12-02 18:13:42,3.22,31.46,1038.23,Outdoor,32.9,-31
SENSOR_017,2025-12-02 18:13:37,1.37,30.39,1012.48,Building_B,86.3,-61
SENSOR_089,2025-12-02 18:13:32,28.78,59.29,988.12,Building_B,65.6,-80
SENSOR_041,2025-12-02 18:13:27,-6.27,59.97,1023.17,Building_B,31.8,-82
SENSOR_094,2025-12-02 18:13:22,-8.38,43.9,1038.37,Factory_Floor,30.3,-65
SENSOR_020,2025-12-02 18:13:17,32.85,28.01,991.08,Outdoor,61.7,-71
SENSOR_077,2025-12-02 18:13:12,2.77,71.55,1001.56,Factory_Floor,13.4,-40
SENSOR_092,2025-12-02 18:13:07,25.73,33.8,1003.25,Factory_Floor,13.8,-76
SENSOR_029,2025-12-02 18:13:02,-8.23,77.34,980.9,Warehouse_1,95.0,-72
SENSOR_096,2025-12-02 18:12:57,26.92,35.21,992.27,Building_B,92.7,-44
SENSOR_079,2025-12-02 18:12:52,16.95,44.37,1007.45,Building_B,42.8,-95
SENSOR_078,2025-12-02 18:12:47,30.44,48.53,998.77,Outdoor,93.9,-32
SENSOR_068,2025-12-02 18:12:42,25.28,72.81,982.31,Building_A,45.2,-95
SENSOR_032,2025-12-02 18:12:37,18.53,49.67,1024.11,Outdoor,38.7,-94
SENSOR_025,2025-12-02 18:12:32,6.01,49.85,998.27,Warehouse_1,46.1,-46
SENSOR_038,2025-12-02 18:12:27,23.72,24.09,1011.02,Building_B,46.4,-43
SENSOR_012,2025-12-02 18:12:22,29.75,28.49,1026.72,Outdoor,13.5,-48
SENSOR_042,2025-12-02 18:12:17,14.8,33.42,1015.42,Building_B,88.3,-89
SENSOR_033,2025-12-02 18:12:12,7.82,68.64,1022.69,Building_B,71.8,-85
SENSOR_012,2025-12-02 18:12:07,-3.72,53.7,1001.78,Outdoor,70.7,-35
SENSOR_079,2025-12-02 18:12:02,42.24,48.4,1002.84,Building_B,91.2,-81
SENSOR_021,2025-12-02 18:11:57,37.79,33.42,1022.72,Factory_Floor,30.8,-43
SENSOR_037,2025-12-02 18:11:52,24.45,28.82,987.89,Building_B,0.4,-68
SENSOR_002,2025-12-02 18:11:47,15.23,84.16,1012.61,Building_A,60.8,-37
SENSOR_031,2025-12-02 18:11:42,1.93,69.46,1007.22,Factory_Floor,7.9,-100
SENSOR_032,2025-12-02 18:11:37,38.52,40.86,1017.72,Building_B,4.9,-82
SENSOR_008,2025-12-02 18:11:32,25.93,22.75,1031.23,Outdoor,83.8,-62
SENSOR_043,2025-12-02 18:11:27,40.62,23.68,1005.02,Building_B,16.1,-64
SENSOR_079,2025-12-02 18:11:22,26.35,72.49,1014.34,Outdoor,17.7,-42
SENSOR_096,2025-12-02 18:11:17,21.84,89.86,985.59,Warehouse_1,32.3,-52
SENSOR_009,2025-12-02 18:11:12,31.71,83.25,983.9,Factory_Floor,13.5,-65
SENSOR_043,2025-12-02 18:11:07,18.99,59.35,1021.75,Outdoor,5.8,-33
SENSOR_012,2025-12-02 18:11:02,16.6,71.65,1036.03,Warehouse_1,42.7,-60
SENSOR_034,2025-12-02 18:10:57,18.9,94.63,1001.23,Building_B,61.4,-37
SENSOR_067,2025-12-02 18:10:52,30.11,57.33,1028.48,Outdoor,23.3,-63
SENSOR_025,2025-12-02 18:10:47,-9.91,21.8,1017.53,Building_A,73.7,-74
SENSOR_079,2025-12-02 18:10:42,44.94,51.05,1000.03,Outdoor,80.6,-73
SENSOR_002,2025-12-02 18:10:37,25.23,71.75,995.27,Building_A,30.8,-36
SENSOR_071,2025-12-02 18:10:32,7.82,20.46,1021.15,Warehouse_1,39.6,-97
SENSOR_023,2025-12-02 18:10:27,0.67,82.54,1035.34,Factory_Floor,91.6,-96
SENSOR_083,2025-12-02 18:10:22,-2.53,31.65,1007.64,Outdoor,89.6,-41
SENSOR_053,2025-12-02 18:10:17,41.03,24.2,1011.26,Outdoor,72.5,-60
SENSOR_072,2025-12-02 18:10:12,19.47,35.62,1021.13,Warehouse_1,6.6,-81
SENSOR_036,2025-12-02 18:10:07,36.24,45.44,1002.51,Outdoor,84.2,-51
SENSOR_024,2025-12-02 18:10:02,22.74,84.84,1025.09,Warehouse_1,71.0,-66
SENSOR_053,2025-12-02 18:09:57,-5.23,85.78,1002.3,Warehouse_1,21.6,-62
SENSOR_023,2025-12-02 18:09:52,-3.83,78.87,1026.67,Building_A,44.4,-97
SENSOR_062,2025-12-02 18:09:47,39.77,31.56,1000.41,Factory_Floor,73.2,-33
SENSOR_040,2025-12-02 18:09:42,32.65,30.75,1032.31,Outdoor,67.7,-84
SENSOR_027,2025-12-02 18:09:37,29.85,54.45,1022.82,Outdoor,11.6,-61
SENSOR_006,2025-12-02 18:09:32,27.79,64.57,985.22,Factory_Floor,88.9,-87
SENSOR_067,2025-12-02 18:09:27,32.14,75.92,981.35,Warehouse_1,63.9,-74
SENSOR_042,2025-12-02 18:09:22,1.03,41.49,1011.94,Factory_Floor,67.1,-66
SENSOR_020,2025-12-02 18:09:17,-1.34,28.58,1037.5,Outdoor,51.4,-74
SENSOR_070,2025-12-02 18:09:12,9.27,43.89,988.49,Warehouse_1,57.4,-79
SENSOR_010,2025-12-02 18:09:07,7.13,86.92,1012.43,Building_A,13.0,-40
SENSOR_087,2025-12-02 18:09:02,-7.22,48.77,985.17,Factory_Floor,17.9,-43
SENSOR_079,2025-12-02 18:08:57,9.56,44.92,991.89,Outdoor,7.9,-41
SENSOR_073,2025-12-02 18:08:52,-2.75,80.96,1035.18,Factory_Floor,9.7,-61
SENSOR_088,2025-12-02 18:08:47,25.44,77.49,1008.23,Building_B,14.4,-67
SENSOR_047,2025-12-02 18:08:42,11.56,72.47,1019.91,Warehouse_1,45.3,-97
SENSOR_009,2025-12-02 18:08:37,16.14,46.36,1007.67,Building_B,28.2,-56
SENSOR_078,2025-12-02 18:08:32,21.61,58.1,1004.34,Building_A,32.6,-91
SENSOR_039,2025-12-02 18:08:27,19.3,50.06,1004.81,Outdoor,24.4,-80
SENSOR_062,2025-12-02 18:08:22,11.11,45.55,1028.83,Outdoor,43.1,-45
SENSOR_073,2025-12-02 18:08:17,33.3,60.84,994.17,Building_A,73.9,-38
SENSOR_015,2025-12-02 18:08:12,22.57,54.72,1013.31,Factory_Floor,17.6,-49
SENSOR_009,2025-12-02 18:08:07,22.9,71.41,1015.78,Factory_Floor,32.7,-93
SENSOR_012,2025-12-02 18:08:02,1.97,30.42,1014.85,Building_A,75.7,-81
SENSOR_058,2025-12-02 18:07:57,19.22,49.25,1014.68,Building_B,20.6,-60
SENSOR_039,2025-12-02 18:07:52,21.37,88.49,998.27,Factory_Floor,71.8,-56
SENSOR_012,2025-12-02 18:07:47,22.05,65.86,1010.63,Building_B,85.3,-93
SENSOR_048,2025-12-02 18:07:42,39.56,92.59,980.05,Outdoor,82.1,-55
SENSOR_015,2025-12-02 18:07:37,37.37,84.93,994.11,Outdoor,39.4,-60
SENSOR_092,2025-12-02 18:07:32,11.05,48.62,1012.71,Building_B,47.5,-76
SENSOR_072,2025-12-02 18:07:27,11.15,89.34,1030.4,Building_B,28.8,-84
SENSOR_018,2025-12-02 18:07:22,-9.36,68.63,988.64,Factory_Floor,65.8,-83
SENSOR_011,2025-12-02 18:07:17,-2.45,80.45,1031.61,Outdoor,93.0,-77
SENSOR_059,2025-12-02 18:07:12,18.02,61.4,1007.0,Warehouse_1,22.6,-46
SENSOR_078,2025-12-02 18:07:07,-9.59,57.36,1023.85,Outdoor,26.9,-31
SENSOR_074,2025-12-02 18:07:02,10.18,93.37,1014.09,Warehouse_1,11.3,-39
SENSOR_089,2025-12-02 18:06:57,-5.6,74.76,1011.58,Warehouse_1,46.5,-90
SENSOR_067,2025-12-02 18:06:52,38.95,26.63,1008.35,Building_A,68.4,-31
SENSOR_075,2025-12-02 18:06:47,7.19,23.96,1000.61,Building_A,46.9,-35
SENSOR_061,2025-12-02 18:06:42,21.57,44.86,1001.17,Warehouse_1,28.9,-96
SENSOR_089,2025-12-02 18:06:37,40.76,76.21,1023.62,Outdoor,26.0,-40
SENSOR_075,2025-12-02 18:06:32,-0.7,23.87,1039.42,Outdoor,2.7,-38
SENSOR_011,2025-12-02 18:06:27,-3.02,25.76,1027.03,Warehouse_1,13.3,-65
SENSOR_036,2025-12-02 18:06:22,37.18,21.07,986.69,Building_B,91.0,-81
SENSOR_085,2025-12-02 18:06:17,14.57,80.59,995.68,Building_B,48.5,-33
SENSOR_005,2025-12-02 18:06:12,8.86,26.33,988.7,Building_B,83.8,-48
SENSOR_099,2025-12-02 18:06:07,11.07,69.55,1023.56,Building_B,21.1,-56
SENSOR_007,2025-12-02 18:06:02,25.32,76.66,986.96,Building_B,46.4,-40
SENSOR_039,2025-12-02 18:05:57,16.19,91.12,1035.35,Building_B,38.0,-51
SENSOR_061,2025-12-02 18:05:52,4.44,59.78,1006.08,Warehouse_1,92.7,-43
SENSOR_049,2025-12-02 18:05:47,27.32,92.13,1020.97,Building_A,9.7,-32
SENSOR_082,2025-12-02 18:05:42,9.46,83.32,1016.63,Warehouse_1,33.5,-66
SENSOR_013,2025-12-02 18:05:37,4.04,63.81,1007.67,Building_B,73.4,-76
SENSOR_067,2025-12-02 18:05:32,8.56,71.77,990.79,Outdoor,1.1,-99
SENSOR_009,2025-12-02 18:05:27,-9.34,27.33,986.23,Factory_Floor,35.2,-64
SENSOR_033,2025-12-02 18:05:22,0.62,21.78,985.52,Outdoor,65.7,-73
SENSOR_077,2025-12-02 18:05:17,25.09,73.11,987.2,Outdoor,13.0,-77
SENSOR_015,2025-12-02 18:05:12,28.26,39.0,1008.02,Building_A,63.9,-65
SENSOR_099,2025-12-02 18:05:07,13.48,87.75,1026.19,Warehouse_1,25.7,-91
SENSOR_036,2025-12-02 18:05:02,32.74,48.71,999.96,Building_A,25.8,-67
SENSOR_023,2025-12-02 18:04:57,14.23,56.88,1035.72,Outdoor,39.3,-38
SENSOR_014,2025-12-02 18:04:52,-2.09,77.65,993.1,Building_A,91.3,-67
SENSOR_014,2025-12-02 18:04:47,-8.08,25.28,1023.65,Factory_Floor,1.9,-37
SENSOR_020,2025-12-02 18:04:42,25.91,20.07,982.27,Factory_Floor,26.6,-58
SENSOR_051,2025-12-02 18:04:37,21.61,58.65,1036.39,Factory_Floor,47.8,-49
SENSOR_094,2025-12-02 18:04:32,32.95,78.9,1012.41,Building_A,38.4,-39
SENSOR_016,2025-12-02 18:04:27,21.2,90.13,1001.54,Warehouse_1,40.1,-89
SENSOR_047,2025-12-02 18:04:22,19.4,92.07,984.83,Factory_Floor,76.0,-63
SENSOR_083,2025-12-02 18:04:17,1.17,61.59,1038.05,Building_B,29.9,-51
SENSOR_014,2025-12-02 18:04:12,24.68,46.94,985.09,Factory_Floor,73.5,-83
SENSOR_005,2025-12-02 18:04:07,0.62,73.98,1015.58,Factory_Floor,38.9,-31
SENSOR_083,2025-12-02 18:04:02,6.93,60.05,1030.06,Factory_Floor,96.7,-98
SENSOR_005,2025-12-02 18:03:57,8.66,45.33,1023.26,Factory_Floor,11.8,-34
SENSOR_059,2025-12-02 18:03:52,41.7,85.27,1012.19,Outdoor,23.3,-91
SENSOR_005,2025-12-02 18:03:47,30.45,56.67,981.14,Outdoor,4.6,-84
SENSOR_002,2025-12-02 18:03:42,-0.53,23.75,998.44,Building_A,45.6,-79
SENSOR_076,2025-12-02 18:03:37,-6.48,81.31,986.85,Outdoor,79.9,-72
SENSOR_009,2025-12-02 18:03:32,34.24,51.97,1028.69,Factory_Floor,32.4,-31
SENSOR_018,2025-12-02 18:03:27,7.69,92.35,992.79,Building_A,59.3,-58
SENSOR_009,2025-12-02 18:03:22,-3.36,30.59,1004.91,Warehouse_1,55.3,-44
SENSOR_032,2025-12-02 18:03:17,40.91,23.05,986.0,Outdoor,37.6,-80
SENSOR_003,2025-12-02 18:03:12,38.38,26.05,980.43,Building_A,70.7,-64
SENSOR_054,2025-12-02 18:03:07,28.14,79.42,1008.56,Building_B,20.6,-66
SENSOR_067,2025-12-02 18:03:02,14.77,37.94,990.47,Building_A,59.6,-37
SENSOR_079,2025-12-02 18:02:57,42.27,67.04,1026.95,Warehouse_1,41.9,-70
SENSOR_025,2025-12-02 18:02:52,-3.54,59.76,985.74,Warehouse_1,86.3,-31
SENSOR_065,2025-12-02 18:02:47,2.06,77.77,1019.56,Warehouse_1,5.3,-86
SENSOR_020,2025-12-02 18:02:42,27.69,92.64,1008.46,Building_B,16.0,-95
SENSOR_007,2025-12-02 18:02:37,25.47,41.38,1006.08,Warehouse_1,61.7,-42
SENSOR_006,2025-12-02 18:02:32,-4.26,23.93,1012.24,Building_B,78.5,-38
SENSOR_066,2025-12-02 18:02:27,-3.62,87.13,1023.28,Outdoor,58.0,-47
SENSOR_026,2025-12-02 18:02:22,31.09,87.38,993.8,Building_A,32.6,-88
SENSOR_031,2025-12-02 18:02:17,30.58,85.24,1002.53,Building_B,7.4,-38
SENSOR_007,2025-12-02 18:02:12,38.98,30.87,1035.67,Factory_Floor,17.8,-53
SENSOR_018,2025-12-02 18:02:07,15.18,34.56,1001.52,Warehouse_1,20.2,-84
SENSOR_005,2025-12-02 18:02:02,28.07,24.47,988.19,Factory_Floor,45.9,-79
SENSOR_098,2025-12-02 18:01:57,8.9,86.48,1016.22,Outdoor,90.6,-30
SENSOR_030,2025-12-02 18:01:52,-5.24,84.27,1009.35,Building_B,59.2,-41
SENSOR_036,2025-12-02 18:01:47,-9.2,52.11,1032.36,Building_B,32.7,-72
SENSOR_076,2025-12-02 18:01:42,42.04,88.53,1033.9,Factory_Floor,98.0,-95
SENSOR_061,2025-12-02 18:01:37,30.34,57.82,1005.54,Factory_Floor,47.9,-88
SENSOR_058,2025-12-02 18:01:32,17.24,26.23,1025.18,Factory_Floor,95.0,-84
SENSOR_046,2025-12-02 18:01:27,6.27,68.57,985.44,Factory_Floor,66.9,-80
SENSOR_091,2025-12-02 18:01:22,15.26,62.78,1015.02,Factory_Floor,46.4,-83
SENSOR_091,2025-12-02 18:01:17,12.29,79.24,1002.23,Factory_Floor,70.4,-100
SENSOR_081,2025-12-02 18:01:12,-6.11,87.01,999.97,Building_A,29.7,-66
SENSOR_090,2025-12-02 18:01:07,42.04,60.68,1027.67,Building_A,62.0,-58
SENSOR_095,2025-12-02 18:01:02,41.27,58.61,1034.6,Warehouse_1,88.8,-86
SENSOR_050,2025-12-02 18:00:57,10.11,66.44,1001.93,Building_B,64.8,-92
SENSOR_072,2025-12-02 18:00:52,29.01,35.35,1038.88,Building_B,54.0,-39
SENSOR_095,2025-12-02 18:00:47,41.65,63.51,1037.55,Building_B,75.3,-72
SENSOR_042,2025-12-02 18:00:42,9.4,40.05,1020.81,Warehouse_1,5.4,-53
SENSOR_045,2025-12-02 18:00:37,14.88,57.61,1029.77,Factory_Floor,71.0,-32
SENSOR_038,2025-12-02 18:00:32,14.86,47.61,1020.4,Building_A,18.8,-42
SENSOR_012,2025-12-02 18:00:27,-5.59,87.35,997.3,Building_A,10.9,-65
SENSOR_015,2025-12-02 18:00:22,28.34,57.22,1032.5,Outdoor,95.2,-98
SENSOR_038,2025-12-02 18:00:17,12.91,71.18,1035.9,Factory_Floor,34.7,-44
SENSOR_095,2025-12-02 18:00:12,25.46,41.86,983.78,Building_B,83.5,-34
SENSOR_083,2025-12-02 18:00:07,8.47,63.4,1019.35,Warehouse_1,48.6,-33
SENSOR_071,2025-12-02 18:00:02,14.49,42.81,987.92,Warehouse_1,17.2,-67
SENSOR_030,2025-12-02 17:59:57,16.63,92.8,1026.18,Building_A,14.8,-64
SENSOR_059,2025-12-02 17:59:52,42.59,66.4,989.65,Outdoor,28.5,-78
SENSOR_091,2025-12-02 17:59:47,28.11,69.98,989.21,Building_B,11.7,-60
SENSOR_074,2025-12-02 17:59:42,-3.04,39.53,991.07,Outdoor,70.7,-60
SENSOR_045,2025-12-02 17:59:37,-1.86,53.63,1038.53,Outdoor,30.2,-97
SENSOR_052,2025-12-02 17:59:32,41.21,77.64,1036.87,Warehouse_1,15.6,-31
SENSOR_065,2025-12-02 17:59:27,8.22,72.91,1008.43,Warehouse_1,97.0,-82
SENSOR_073,2025-12-02 17:59:22,30.07,89.17,1000.32,Building_A,73.2,-95
SENSOR_018,2025-12-02 17:59:17,27.29,28.77,981.49,Outdoor,84.1,-43
SENSOR_046,2025-12-02 17:59:12,-4.91,24.13,1018.48,Outdoor,52.6,-65
SENSOR_026,2025-12-02 17:59:07,-8.76,60.38,1006.73,Building_A,97.6,-50
SENSOR_025,2025-12-02 17:59:02,16.98,65.24,1010.69,Building_A,90.8,-54
SENSOR_051,2025-12-02 17:58:57,-1.86,84.04,1002.18,Warehouse_1,1.2,-56
SENSOR_045,2025-12-02 17:58:52,6.94,53.42,1013.66,Building_B,72.8,-44
SENSOR_095,2025-12-02 17:58:47,44.59,80.28,997.32,Factory_Floor,72.9,-47
SENSOR_018,2025-12-02 17:58:42,35.95,64.85,988.62,Warehouse_1,47.5,-33
SENSOR_043,2025-12-02 17:58:37,-6.36,92.01,1025.37,Building_A,0.7,-66
SENSOR_054,2025-12-02 17:58:32,-0.38,54.66,1014.07,Building_B,19.9,-52
SENSOR_038,2025-12-02 17:58:27,20.46,23.17,1029.57,Outdoor,30.4,-41
SENSOR_029,2025-12-02 17:58:22,-8.52,20.18,995.76,Factory_Floor,12.4,-64
SENSOR_054,2025-12-02 17:58:17,-0.13,88.01,1018.69,Building_A,11.9,-65
SENSOR_064,2025-12-02 17:58:12,44.69,25.0,1024.73,Outdoor,48.0,-45
SENSOR_034,2025-12-02 17:58:07,24.54,55.7,1021.65,Building_A,37.3,-98
SENSOR_034,2025-12-02 17:58:02,-1.04,24.39,999.18,Building_B,35.7,-94
SENSOR_035,2025-12-02 17:57:57,9.86,67.72,1037.31,Building_A,29.0,-33
SENSOR_082,2025-12-02 17:57:52,41.5,58.54,1025.99,Building_B,76.5,-79
SENSOR_070,2025-12-02 17:57:47,7.74,43.72,1030.7,Warehouse_1,27.1,-54
SENSOR_013,2025-12-02 17:57:42,19.39,46.37,988.62,Building_B,51.8,-53
SENSOR_100,2025-12-02 17:57:37,16.67,45.52,1034.65,Building_A,21.8,-36
SENSOR_029,2025-12-02 17:57:32,35.74,79.63,1013.52,Outdoor,84.6,-30
SENSOR_090,2025-12-02 17:57:27,31.6,28.55,1007.63,Building_A,11.7,-84
SENSOR_003,2025-12-02 17:57:22,16.37,43.37,1001.75,Factory_Floor,89.0,-34
SENSOR_098,2025-12-02 17:57:17,43.36,32.92,998.28,Building_A,22.2,-82
SENSOR_089,2025-12-02 17:57:12,2.46,29.4,987.81,Building_A,42.5,-86
SENSOR_010,2025-12-02 17:57:07,-8.97,56.32,1005.87,Building_B,10.8,-35
SENSOR_076,2025-12-02 17:57:02,-6.74,28.92,995.18,Building_A,30.2,-99
SENSOR_097,2025-12-02 17:56:57,-4.69,29.28,1016.11,Outdoor,90.1,-77
SENSOR_086,2025-12-02 17:56:52,9.33,26.81,1030.75,Warehouse_1,94.9,-56
SENSOR_046,2025-12-02 17:56:47,-1.17,57.55,1023.71,Building_B,50.5,-92
SENSOR_013,2025-12-02 17:56:42,35.08,77.24,1011.73,Building_B,96.4,-79
SENSOR_097,2025-12-02 17:56:37,19.54,93.02,985.92,Building_B,92.0,-40
SENSOR_047,2025-12-02 17:56:32,28.4,33.88,1020.41,Building_A,18.1,-55
SENSOR_049,2025-12-02 17:56:27,13.33,58.57,1004.45,Warehouse_1,12.4,-86
SENSOR_067,2025-12-02 17:56:22,-2.52,77.17,1022.28,Outdoor,72.2,-90
SENSOR_042,2025-12-02 17:56:17,17.15,48.86,1007.42,Warehouse_1,68.7,-44
SENSOR_029,2025-12-02 17:56:12,20.47,41.79,1031.32,Building_B,85.7,-40
SENSOR_087,2025-12-02 17:56:07,10.21,20.96,1020.45,Building_A,39.6,-34
SENSOR_085,2025-12-02 17:56:02,27.21,28.94,1003.69,Outdoor,97.8,-79
SENSOR_009,2025-12-02 17:55:57,10.0,34.93,992.02,Factory_Floor,12.3,-46
SENSOR_093,2025-12-02 17:55:52,17.45,77.36,1025.96,Outdoor,27.3,-49
SENSOR_046,2025-12-02 17:55:47,16.17,65.24,1004.27,Factory_Floor,51.1,-82
SENSOR_099,2025-12-02 17:55:42,15.0,29.16,1009.36,Building_B,62.8,-83
SENSOR_004,2025-12-02 17:55:37,-4.52,23.96,984.09,Building_A,97.2,-52
SENSOR_078,2025-12-02 17:55:32,27.36,31.46,1017.32,Building_A,76.0,-34
SENSOR_099,2025-12-02 17:55:27,17.07,54.95,997.61,Factory_Floor,49.0,-67
SENSOR_070,2025-12-02 17:55:22,8.9,84.48,1012.8,Building_A,99.1,-85
SENSOR_050,2025-12-02 17:55:17,14.76,83.97,1006.55,Building_A,3.3,-62
SENSOR_091,2025-12-02 17:55:12,-0.97,52.3,998.75,Factory_Floor,48.7,-86
SENSOR_073,2025-12-02 17:55:07,27.13,69.51,1021.12,Outdoor,47.0,-80
SENSOR_065,2025-12-02 17:55:02,-6.93,39.75,1015.46,Factory_Floor,61.7,-55
SENSOR_099,2025-12-02 17:54:57,43.78,44.04,981.69,Building_A,12.8,-54
SENSOR_045,2025-12-02 17:54:52,34.53,63.8,1025.91,Warehouse_1,38.1,-46
SENSOR_045,2025-12-02 17:54:47,44.56,50.89,983.39,Building_B,24.8,-61
SENSOR_076,2025-12-02 17:54:42,-5.33,71.6,1032.14,Building_A,33.8,-98
SENSOR_069,2025-12-02 17:54:37,7.94,54.57,1031.8,Outdoor,51.5,-47
SENSOR_035,2025-12-02 17:54:32,-8.88,55.23,981.33,Warehouse_1,37.8,-51
SENSOR_042,2025-12-02 17:54:27,21.49,80.62,986.0,Building_B,33.6,-36
SENSOR_098,2025-12-02 17:54:22,26.71,32.5,997.97,Factory_Floor,20.2,-91
SENSOR_069,2025-12-02 17:54:17,1.77,39.89,997.84,Outdoor,40.2,-72
SENSOR_080,2025-12-02 17:54:12,30.86,26.9,1030.65,Building_A,59.2,-66
SENSOR_009,2025-12-02 17:54:07,21.15,59.83,1005.63,Warehouse_1,79.6,-62
SENSOR_065,2025-12-02 17:54:02,34.23,52.47,1012.4,Building_B,41.4,-68
SENSOR_080,2025-12-02 17:53:57,18.35,70.37,1012.85,Building_A,62.8,-34
SENSOR_024,2025-12-02 17:53:52,21.73,35.97,1037.73,Factory_Floor,26.8,-32
SENSOR_079,2025-12-02 17:53:47,36.9,88.01,1036.08,Building_A,52.2,-54
SENSOR_060,2025-12-02 17:53:42,-1.87,31.29,1021.12,Warehouse_1,84.4,-48
SENSOR_041,2025-12-02 17:53:37,37.31,88.34,1018.04,Factory_Floor,26.7,-64
SENSOR_083,2025-12-02 17:53:32,-1.17,71.51,994.17,Building_B,11.4,-76
SENSOR_004,2025-12-02 17:53:27,3.51,82.04,1007.85,Outdoor,99.1,-46
SENSOR_083,2025-12-02 17:53:22,39.81,35.15,996.36,Building_A,25.8,-65
SENSOR_085,2025-12-02 17:53:17,20.29,68.32,982.53,Factory_Floor,78.2,-93
SENSOR_011,2025-12-02 17:53:12,7.26,42.35,983.81,Factory_Floor,89.7,-89
SENSOR_051,2025-12-02 17:53:07,41.87,74.32,988.43,Building_A,57.1,-36
SENSOR_016,2025-12-02 17:53:02,18.71,82.17,1036.98,Outdoor,25.2,-89
SENSOR_031,2025-12-02 17:52:57,22.99,77.99,998.8,Outdoor,73.7,-70
